screen	before_line	after_line	node	changes	explanation
process	129	129	theme-light.css Process Designer /StackPane#rootStackPane[0]/BorderPane#mainPane[1]/ResponsiveWorkspaceSplitPane#workspaceSplitPane[1]/Content[0]/VBox#mainContentArea[0]/HBox[0]/HBox#breadcrumbContainer[0]/Button#breadcrumbSectionBtn	minW: -1.0 -> -Infinity	El botón de cabecera conserva su ancho preferido y no comprime el rótulo.
process	131	131	theme-light.css Process Designer /StackPane#rootStackPane[0]/BorderPane#mainPane[1]/ResponsiveWorkspaceSplitPane#workspaceSplitPane[1]/Content[0]/VBox#mainContentArea[0]/HBox[2]/Label#contentSubtitleLabel	minH: -1.0 -> -Infinity; wrap: false -> true	El rótulo de cabecera conserva la altura preferida para sus líneas de texto. El rótulo o subtítulo de cabecera admite las líneas necesarias sin truncarse.
process	133	133	theme-light.css Process Designer /StackPane#rootStackPane[0]/BorderPane#mainPane[1]/ResponsiveWorkspaceSplitPane#workspaceSplitPane[1]/Content[0]/VBox#mainContentArea[0]/HBox[3]/Button#favoriteToggleBtn	minW: -1.0 -> -Infinity	El botón de cabecera conserva su ancho preferido y no comprime el rótulo.
process	239	239	theme-light.css Process Designer /StackPane#rootStackPane[0]/BorderPane#mainPane[1]/ResponsiveWorkspaceSplitPane#workspaceSplitPane[1]/Content[0]/VBox#mainContentArea[5]/ScrollPane#mainScrollPane[0]/javafx.scene.control.skin.ScrollPaneSkin$5[0]/javafx.scene.control.skin.ScrollPaneSkin$6[0]/VBox#contentContainer[18]/ModuleHost#processDesignerContainer[0]/TitledPane#processDesignerRoot[0]/javafx.scene.control.skin.TitledPaneSkin$1[0]/VBox[4]/SplitPane#designerSplitPane[0]/Content[0]/VBox#palettePanel[2]/ScrollPane[0]/javafx.scene.control.skin.ScrollPaneSkin$5[0]/javafx.scene.control.skin.ScrollPaneSkin$6[0]/VBox#paletteItemsContainer	minH: -1.0 -> -Infinity	La paleta conserva su altura preferida; sus filas no reducen las descripciones a una línea.
process	240	240	theme-light.css Process Designer /StackPane#rootStackPane[0]/BorderPane#mainPane[1]/ResponsiveWorkspaceSplitPane#workspaceSplitPane[1]/Content[0]/VBox#mainContentArea[5]/ScrollPane#mainScrollPane[0]/javafx.scene.control.skin.ScrollPaneSkin$5[0]/javafx.scene.control.skin.ScrollPaneSkin$6[0]/VBox#contentContainer[18]/ModuleHost#processDesignerContainer[0]/TitledPane#processDesignerRoot[0]/javafx.scene.control.skin.TitledPaneSkin$1[0]/VBox[4]/SplitPane#designerSplitPane[0]/Content[0]/VBox#palettePanel[2]/ScrollPane[0]/javafx.scene.control.skin.ScrollPaneSkin$5[0]/javafx.scene.control.skin.ScrollPaneSkin$6[0]/VBox#paletteItemsContainer[0]/Label	wrap: false -> true	El título o categoría de paleta admite varias líneas dentro de su columna.
process	993	993	theme-light.css Process Designer /StackPane#rootStackPane[0]/BorderPane#mainPane[1]/ResponsiveWorkspaceSplitPane#workspaceSplitPane[1]/Content[0]/VBox#mainContentArea[5]/ScrollPane#mainScrollPane[0]/javafx.scene.control.skin.ScrollPaneSkin$5[0]/javafx.scene.control.skin.ScrollPaneSkin$6[0]/VBox#contentContainer[18]/ModuleHost#processDesignerContainer[0]/TitledPane#processDesignerRoot[0]/javafx.scene.control.skin.TitledPaneSkin$1[0]/VBox[4]/SplitPane#designerSplitPane[0]/Content[0]/VBox#palettePanel[2]/ScrollPane[0]/javafx.scene.control.skin.ScrollPaneSkin$5[0]/javafx.scene.control.skin.ScrollPaneSkin$6[0]/VBox#paletteItemsContainer[100]/HBox[0]/Label	minW: -1.0 -> 18.0	Reserva 18 px para el icono de paleta, sin cambiar su fuente.
process	996	996	theme-light.css Process Designer /StackPane#rootStackPane[0]/BorderPane#mainPane[1]/ResponsiveWorkspaceSplitPane#workspaceSplitPane[1]/Content[0]/VBox#mainContentArea[5]/ScrollPane#mainScrollPane[0]/javafx.scene.control.skin.ScrollPaneSkin$5[0]/javafx.scene.control.skin.ScrollPaneSkin$6[0]/VBox#contentContainer[18]/ModuleHost#processDesignerContainer[0]/TitledPane#processDesignerRoot[0]/javafx.scene.control.skin.TitledPaneSkin$1[0]/VBox[4]/SplitPane#designerSplitPane[0]/Content[0]/VBox#palettePanel[2]/ScrollPane[0]/javafx.scene.control.skin.ScrollPaneSkin$5[0]/javafx.scene.control.skin.ScrollPaneSkin$6[0]/VBox#paletteItemsContainer[100]/HBox[1]/VBox[0]/Label	wrap: false -> true	El título o categoría de paleta admite varias líneas dentro de su columna.
process	1001	1001	theme-light.css Process Designer /StackPane#rootStackPane[0]/BorderPane#mainPane[1]/ResponsiveWorkspaceSplitPane#workspaceSplitPane[1]/Content[0]/VBox#mainContentArea[5]/ScrollPane#mainScrollPane[0]/javafx.scene.control.skin.ScrollPaneSkin$5[0]/javafx.scene.control.skin.ScrollPaneSkin$6[0]/VBox#contentContainer[18]/ModuleHost#processDesignerContainer[0]/TitledPane#processDesignerRoot[0]/javafx.scene.control.skin.TitledPaneSkin$1[0]/VBox[4]/SplitPane#designerSplitPane[0]/Content[0]/VBox#palettePanel[2]/ScrollPane[0]/javafx.scene.control.skin.ScrollPaneSkin$5[0]/javafx.scene.control.skin.ScrollPaneSkin$6[0]/VBox#paletteItemsContainer[101]/HBox[0]/Label	minW: -1.0 -> 18.0	Reserva 18 px para el icono de paleta, sin cambiar su fuente.
process	1004	1004	theme-light.css Process Designer /StackPane#rootStackPane[0]/BorderPane#mainPane[1]/ResponsiveWorkspaceSplitPane#workspaceSplitPane[1]/Content[0]/VBox#mainContentArea[5]/ScrollPane#mainScrollPane[0]/javafx.scene.control.skin.ScrollPaneSkin$5[0]/javafx.scene.control.skin.ScrollPaneSkin$6[0]/VBox#contentContainer[18]/ModuleHost#processDesignerContainer[0]/TitledPane#processDesignerRoot[0]/javafx.scene.control.skin.TitledPaneSkin$1[0]/VBox[4]/SplitPane#designerSplitPane[0]/Content[0]/VBox#palettePanel[2]/ScrollPane[0]/javafx.scene.control.skin.ScrollPaneSkin$5[0]/javafx.scene.control.skin.ScrollPaneSkin$6[0]/VBox#paletteItemsContainer[101]/HBox[1]/VBox[0]/Label	wrap: false -> true	El título o categoría de paleta admite varias líneas dentro de su columna.
process	1009	1009	theme-light.css Process Designer /StackPane#rootStackPane[0]/BorderPane#mainPane[1]/ResponsiveWorkspaceSplitPane#workspaceSplitPane[1]/Content[0]/VBox#mainContentArea[5]/ScrollPane#mainScrollPane[0]/javafx.scene.control.skin.ScrollPaneSkin$5[0]/javafx.scene.control.skin.ScrollPaneSkin$6[0]/VBox#contentContainer[18]/ModuleHost#processDesignerContainer[0]/TitledPane#processDesignerRoot[0]/javafx.scene.control.skin.TitledPaneSkin$1[0]/VBox[4]/SplitPane#designerSplitPane[0]/Content[0]/VBox#palettePanel[2]/ScrollPane[0]/javafx.scene.control.skin.ScrollPaneSkin$5[0]/javafx.scene.control.skin.ScrollPaneSkin$6[0]/VBox#paletteItemsContainer[102]/HBox[0]/Label	minW: -1.0 -> 18.0	Reserva 18 px para el icono de paleta, sin cambiar su fuente.
process	1012	1012	theme-light.css Process Designer /StackPane#rootStackPane[0]/BorderPane#mainPane[1]/ResponsiveWorkspaceSplitPane#workspaceSplitPane[1]/Content[0]/VBox#mainContentArea[5]/ScrollPane#mainScrollPane[0]/javafx.scene.control.skin.ScrollPaneSkin$5[0]/javafx.scene.control.skin.ScrollPaneSkin$6[0]/VBox#contentContainer[18]/ModuleHost#processDesignerContainer[0]/TitledPane#processDesignerRoot[0]/javafx.scene.control.skin.TitledPaneSkin$1[0]/VBox[4]/SplitPane#designerSplitPane[0]/Content[0]/VBox#palettePanel[2]/ScrollPane[0]/javafx.scene.control.skin.ScrollPaneSkin$5[0]/javafx.scene.control.skin.ScrollPaneSkin$6[0]/VBox#paletteItemsContainer[102]/HBox[1]/VBox[0]/Label	wrap: false -> true	El título o categoría de paleta admite varias líneas dentro de su columna.
process	1017	1017	theme-light.css Process Designer /StackPane#rootStackPane[0]/BorderPane#mainPane[1]/ResponsiveWorkspaceSplitPane#workspaceSplitPane[1]/Content[0]/VBox#mainContentArea[5]/ScrollPane#mainScrollPane[0]/javafx.scene.control.skin.ScrollPaneSkin$5[0]/javafx.scene.control.skin.ScrollPaneSkin$6[0]/VBox#contentContainer[18]/ModuleHost#processDesignerContainer[0]/TitledPane#processDesignerRoot[0]/javafx.scene.control.skin.TitledPaneSkin$1[0]/VBox[4]/SplitPane#designerSplitPane[0]/Content[0]/VBox#palettePanel[2]/ScrollPane[0]/javafx.scene.control.skin.ScrollPaneSkin$5[0]/javafx.scene.control.skin.ScrollPaneSkin$6[0]/VBox#paletteItemsContainer[103]/HBox[0]/Label	minW: -1.0 -> 18.0	Reserva 18 px para el icono de paleta, sin cambiar su fuente.
process	1020	1020	theme-light.css Process Designer /StackPane#rootStackPane[0]/BorderPane#mainPane[1]/ResponsiveWorkspaceSplitPane#workspaceSplitPane[1]/Content[0]/VBox#mainContentArea[5]/ScrollPane#mainScrollPane[0]/javafx.scene.control.skin.ScrollPaneSkin$5[0]/javafx.scene.control.skin.ScrollPaneSkin$6[0]/VBox#contentContainer[18]/ModuleHost#processDesignerContainer[0]/TitledPane#processDesignerRoot[0]/javafx.scene.control.skin.TitledPaneSkin$1[0]/VBox[4]/SplitPane#designerSplitPane[0]/Content[0]/VBox#palettePanel[2]/ScrollPane[0]/javafx.scene.control.skin.ScrollPaneSkin$5[0]/javafx.scene.control.skin.ScrollPaneSkin$6[0]/VBox#paletteItemsContainer[103]/HBox[1]/VBox[0]/Label	wrap: false -> true	El título o categoría de paleta admite varias líneas dentro de su columna.
process	1025	1025	theme-light.css Process Designer /StackPane#rootStackPane[0]/BorderPane#mainPane[1]/ResponsiveWorkspaceSplitPane#workspaceSplitPane[1]/Content[0]/VBox#mainContentArea[5]/ScrollPane#mainScrollPane[0]/javafx.scene.control.skin.ScrollPaneSkin$5[0]/javafx.scene.control.skin.ScrollPaneSkin$6[0]/VBox#contentContainer[18]/ModuleHost#processDesignerContainer[0]/TitledPane#processDesignerRoot[0]/javafx.scene.control.skin.TitledPaneSkin$1[0]/VBox[4]/SplitPane#designerSplitPane[0]/Content[0]/VBox#palettePanel[2]/ScrollPane[0]/javafx.scene.control.skin.ScrollPaneSkin$5[0]/javafx.scene.control.skin.ScrollPaneSkin$6[0]/VBox#paletteItemsContainer[104]/HBox[0]/Label	minW: -1.0 -> 18.0	Reserva 18 px para el icono de paleta, sin cambiar su fuente.
process	1028	1028	theme-light.css Process Designer /StackPane#rootStackPane[0]/BorderPane#mainPane[1]/ResponsiveWorkspaceSplitPane#workspaceSplitPane[1]/Content[0]/VBox#mainContentArea[5]/ScrollPane#mainScrollPane[0]/javafx.scene.control.skin.ScrollPaneSkin$5[0]/javafx.scene.control.skin.ScrollPaneSkin$6[0]/VBox#contentContainer[18]/ModuleHost#processDesignerContainer[0]/TitledPane#processDesignerRoot[0]/javafx.scene.control.skin.TitledPaneSkin$1[0]/VBox[4]/SplitPane#designerSplitPane[0]/Content[0]/VBox#palettePanel[2]/ScrollPane[0]/javafx.scene.control.skin.ScrollPaneSkin$5[0]/javafx.scene.control.skin.ScrollPaneSkin$6[0]/VBox#paletteItemsContainer[104]/HBox[1]/VBox[0]/Label	wrap: false -> true	El título o categoría de paleta admite varias líneas dentro de su columna.
process	1033	1033	theme-light.css Process Designer /StackPane#rootStackPane[0]/BorderPane#mainPane[1]/ResponsiveWorkspaceSplitPane#workspaceSplitPane[1]/Content[0]/VBox#mainContentArea[5]/ScrollPane#mainScrollPane[0]/javafx.scene.control.skin.ScrollPaneSkin$5[0]/javafx.scene.control.skin.ScrollPaneSkin$6[0]/VBox#contentContainer[18]/ModuleHost#processDesignerContainer[0]/TitledPane#processDesignerRoot[0]/javafx.scene.control.skin.TitledPaneSkin$1[0]/VBox[4]/SplitPane#designerSplitPane[0]/Content[0]/VBox#palettePanel[2]/ScrollPane[0]/javafx.scene.control.skin.ScrollPaneSkin$5[0]/javafx.scene.control.skin.ScrollPaneSkin$6[0]/VBox#paletteItemsContainer[105]/HBox[0]/Label	minW: -1.0 -> 18.0	Reserva 18 px para el icono de paleta, sin cambiar su fuente.
process	1036	1036	theme-light.css Process Designer /StackPane#rootStackPane[0]/BorderPane#mainPane[1]/ResponsiveWorkspaceSplitPane#workspaceSplitPane[1]/Content[0]/VBox#mainContentArea[5]/ScrollPane#mainScrollPane[0]/javafx.scene.control.skin.ScrollPaneSkin$5[0]/javafx.scene.control.skin.ScrollPaneSkin$6[0]/VBox#contentContainer[18]/ModuleHost#processDesignerContainer[0]/TitledPane#processDesignerRoot[0]/javafx.scene.control.skin.TitledPaneSkin$1[0]/VBox[4]/SplitPane#designerSplitPane[0]/Content[0]/VBox#palettePanel[2]/ScrollPane[0]/javafx.scene.control.skin.ScrollPaneSkin$5[0]/javafx.scene.control.skin.ScrollPaneSkin$6[0]/VBox#paletteItemsContainer[105]/HBox[1]/VBox[0]/Label	wrap: false -> true	El título o categoría de paleta admite varias líneas dentro de su columna.
process	1041	1041	theme-light.css Process Designer /StackPane#rootStackPane[0]/BorderPane#mainPane[1]/ResponsiveWorkspaceSplitPane#workspaceSplitPane[1]/Content[0]/VBox#mainContentArea[5]/ScrollPane#mainScrollPane[0]/javafx.scene.control.skin.ScrollPaneSkin$5[0]/javafx.scene.control.skin.ScrollPaneSkin$6[0]/VBox#contentContainer[18]/ModuleHost#processDesignerContainer[0]/TitledPane#processDesignerRoot[0]/javafx.scene.control.skin.TitledPaneSkin$1[0]/VBox[4]/SplitPane#designerSplitPane[0]/Content[0]/VBox#palettePanel[2]/ScrollPane[0]/javafx.scene.control.skin.ScrollPaneSkin$5[0]/javafx.scene.control.skin.ScrollPaneSkin$6[0]/VBox#paletteItemsContainer[106]/HBox[0]/Label	minW: -1.0 -> 18.0	Reserva 18 px para el icono de paleta, sin cambiar su fuente.
process	1044	1044	theme-light.css Process Designer /StackPane#rootStackPane[0]/BorderPane#mainPane[1]/ResponsiveWorkspaceSplitPane#workspaceSplitPane[1]/Content[0]/VBox#mainContentArea[5]/ScrollPane#mainScrollPane[0]/javafx.scene.control.skin.ScrollPaneSkin$5[0]/javafx.scene.control.skin.ScrollPaneSkin$6[0]/VBox#contentContainer[18]/ModuleHost#processDesignerContainer[0]/TitledPane#processDesignerRoot[0]/javafx.scene.control.skin.TitledPaneSkin$1[0]/VBox[4]/SplitPane#designerSplitPane[0]/Content[0]/VBox#palettePanel[2]/ScrollPane[0]/javafx.scene.control.skin.ScrollPaneSkin$5[0]/javafx.scene.control.skin.ScrollPaneSkin$6[0]/VBox#paletteItemsContainer[106]/HBox[1]/VBox[0]/Label	wrap: false -> true	El título o categoría de paleta admite varias líneas dentro de su columna.
process	1049	1049	theme-light.css Process Designer /StackPane#rootStackPane[0]/BorderPane#mainPane[1]/ResponsiveWorkspaceSplitPane#workspaceSplitPane[1]/Content[0]/VBox#mainContentArea[5]/ScrollPane#mainScrollPane[0]/javafx.scene.control.skin.ScrollPaneSkin$5[0]/javafx.scene.control.skin.ScrollPaneSkin$6[0]/VBox#contentContainer[18]/ModuleHost#processDesignerContainer[0]/TitledPane#processDesignerRoot[0]/javafx.scene.control.skin.TitledPaneSkin$1[0]/VBox[4]/SplitPane#designerSplitPane[0]/Content[0]/VBox#palettePanel[2]/ScrollPane[0]/javafx.scene.control.skin.ScrollPaneSkin$5[0]/javafx.scene.control.skin.ScrollPaneSkin$6[0]/VBox#paletteItemsContainer[107]/HBox[0]/Label	minW: -1.0 -> 18.0	Reserva 18 px para el icono de paleta, sin cambiar su fuente.
process	1052	1052	theme-light.css Process Designer /StackPane#rootStackPane[0]/BorderPane#mainPane[1]/ResponsiveWorkspaceSplitPane#workspaceSplitPane[1]/Content[0]/VBox#mainContentArea[5]/ScrollPane#mainScrollPane[0]/javafx.scene.control.skin.ScrollPaneSkin$5[0]/javafx.scene.control.skin.ScrollPaneSkin$6[0]/VBox#contentContainer[18]/ModuleHost#processDesignerContainer[0]/TitledPane#processDesignerRoot[0]/javafx.scene.control.skin.TitledPaneSkin$1[0]/VBox[4]/SplitPane#designerSplitPane[0]/Content[0]/VBox#palettePanel[2]/ScrollPane[0]/javafx.scene.control.skin.ScrollPaneSkin$5[0]/javafx.scene.control.skin.ScrollPaneSkin$6[0]/VBox#paletteItemsContainer[107]/HBox[1]/VBox[0]/Label	wrap: false -> true	El título o categoría de paleta admite varias líneas dentro de su columna.
process	1057	1057	theme-light.css Process Designer /StackPane#rootStackPane[0]/BorderPane#mainPane[1]/ResponsiveWorkspaceSplitPane#workspaceSplitPane[1]/Content[0]/VBox#mainContentArea[5]/ScrollPane#mainScrollPane[0]/javafx.scene.control.skin.ScrollPaneSkin$5[0]/javafx.scene.control.skin.ScrollPaneSkin$6[0]/VBox#contentContainer[18]/ModuleHost#processDesignerContainer[0]/TitledPane#processDesignerRoot[0]/javafx.scene.control.skin.TitledPaneSkin$1[0]/VBox[4]/SplitPane#designerSplitPane[0]/Content[0]/VBox#palettePanel[2]/ScrollPane[0]/javafx.scene.control.skin.ScrollPaneSkin$5[0]/javafx.scene.control.skin.ScrollPaneSkin$6[0]/VBox#paletteItemsContainer[108]/HBox[0]/Label	minW: -1.0 -> 18.0	Reserva 18 px para el icono de paleta, sin cambiar su fuente.
process	1060	1060	theme-light.css Process Designer /StackPane#rootStackPane[0]/BorderPane#mainPane[1]/ResponsiveWorkspaceSplitPane#workspaceSplitPane[1]/Content[0]/VBox#mainContentArea[5]/ScrollPane#mainScrollPane[0]/javafx.scene.control.skin.ScrollPaneSkin$5[0]/javafx.scene.control.skin.ScrollPaneSkin$6[0]/VBox#contentContainer[18]/ModuleHost#processDesignerContainer[0]/TitledPane#processDesignerRoot[0]/javafx.scene.control.skin.TitledPaneSkin$1[0]/VBox[4]/SplitPane#designerSplitPane[0]/Content[0]/VBox#palettePanel[2]/ScrollPane[0]/javafx.scene.control.skin.ScrollPaneSkin$5[0]/javafx.scene.control.skin.ScrollPaneSkin$6[0]/VBox#paletteItemsContainer[108]/HBox[1]/VBox[0]/Label	wrap: false -> true	El título o categoría de paleta admite varias líneas dentro de su columna.
process	1065	1065	theme-light.css Process Designer /StackPane#rootStackPane[0]/BorderPane#mainPane[1]/ResponsiveWorkspaceSplitPane#workspaceSplitPane[1]/Content[0]/VBox#mainContentArea[5]/ScrollPane#mainScrollPane[0]/javafx.scene.control.skin.ScrollPaneSkin$5[0]/javafx.scene.control.skin.ScrollPaneSkin$6[0]/VBox#contentContainer[18]/ModuleHost#processDesignerContainer[0]/TitledPane#processDesignerRoot[0]/javafx.scene.control.skin.TitledPaneSkin$1[0]/VBox[4]/SplitPane#designerSplitPane[0]/Content[0]/VBox#palettePanel[2]/ScrollPane[0]/javafx.scene.control.skin.ScrollPaneSkin$5[0]/javafx.scene.control.skin.ScrollPaneSkin$6[0]/VBox#paletteItemsContainer[109]/HBox[0]/Label	minW: -1.0 -> 18.0	Reserva 18 px para el icono de paleta, sin cambiar su fuente.
process	1068	1068	theme-light.css Process Designer /StackPane#rootStackPane[0]/BorderPane#mainPane[1]/ResponsiveWorkspaceSplitPane#workspaceSplitPane[1]/Content[0]/VBox#mainContentArea[5]/ScrollPane#mainScrollPane[0]/javafx.scene.control.skin.ScrollPaneSkin$5[0]/javafx.scene.control.skin.ScrollPaneSkin$6[0]/VBox#contentContainer[18]/ModuleHost#processDesignerContainer[0]/TitledPane#processDesignerRoot[0]/javafx.scene.control.skin.TitledPaneSkin$1[0]/VBox[4]/SplitPane#designerSplitPane[0]/Content[0]/VBox#palettePanel[2]/ScrollPane[0]/javafx.scene.control.skin.ScrollPaneSkin$5[0]/javafx.scene.control.skin.ScrollPaneSkin$6[0]/VBox#paletteItemsContainer[109]/HBox[1]/VBox[0]/Label	wrap: false -> true	El título o categoría de paleta admite varias líneas dentro de su columna.
process	303	303	theme-light.css Process Designer /StackPane#rootStackPane[0]/BorderPane#mainPane[1]/ResponsiveWorkspaceSplitPane#workspaceSplitPane[1]/Content[0]/VBox#mainContentArea[5]/ScrollPane#mainScrollPane[0]/javafx.scene.control.skin.ScrollPaneSkin$5[0]/javafx.scene.control.skin.ScrollPaneSkin$6[0]/VBox#contentContainer[18]/ModuleHost#processDesignerContainer[0]/TitledPane#processDesignerRoot[0]/javafx.scene.control.skin.TitledPaneSkin$1[0]/VBox[4]/SplitPane#designerSplitPane[0]/Content[0]/VBox#palettePanel[2]/ScrollPane[0]/javafx.scene.control.skin.ScrollPaneSkin$5[0]/javafx.scene.control.skin.ScrollPaneSkin$6[0]/VBox#paletteItemsContainer[10]/HBox[0]/Label	minW: -1.0 -> 18.0	Reserva 18 px para el icono de paleta, sin cambiar su fuente.
process	306	306	theme-light.css Process Designer /StackPane#rootStackPane[0]/BorderPane#mainPane[1]/ResponsiveWorkspaceSplitPane#workspaceSplitPane[1]/Content[0]/VBox#mainContentArea[5]/ScrollPane#mainScrollPane[0]/javafx.scene.control.skin.ScrollPaneSkin$5[0]/javafx.scene.control.skin.ScrollPaneSkin$6[0]/VBox#contentContainer[18]/ModuleHost#processDesignerContainer[0]/TitledPane#processDesignerRoot[0]/javafx.scene.control.skin.TitledPaneSkin$1[0]/VBox[4]/SplitPane#designerSplitPane[0]/Content[0]/VBox#palettePanel[2]/ScrollPane[0]/javafx.scene.control.skin.ScrollPaneSkin$5[0]/javafx.scene.control.skin.ScrollPaneSkin$6[0]/VBox#paletteItemsContainer[10]/HBox[1]/VBox[0]/Label	wrap: false -> true	El título o categoría de paleta admite varias líneas dentro de su columna.
process	1073	1073	theme-light.css Process Designer /StackPane#rootStackPane[0]/BorderPane#mainPane[1]/ResponsiveWorkspaceSplitPane#workspaceSplitPane[1]/Content[0]/VBox#mainContentArea[5]/ScrollPane#mainScrollPane[0]/javafx.scene.control.skin.ScrollPaneSkin$5[0]/javafx.scene.control.skin.ScrollPaneSkin$6[0]/VBox#contentContainer[18]/ModuleHost#processDesignerContainer[0]/TitledPane#processDesignerRoot[0]/javafx.scene.control.skin.TitledPaneSkin$1[0]/VBox[4]/SplitPane#designerSplitPane[0]/Content[0]/VBox#palettePanel[2]/ScrollPane[0]/javafx.scene.control.skin.ScrollPaneSkin$5[0]/javafx.scene.control.skin.ScrollPaneSkin$6[0]/VBox#paletteItemsContainer[110]/HBox[0]/Label	minW: -1.0 -> 18.0	Reserva 18 px para el icono de paleta, sin cambiar su fuente.
process	1076	1076	theme-light.css Process Designer /StackPane#rootStackPane[0]/BorderPane#mainPane[1]/ResponsiveWorkspaceSplitPane#workspaceSplitPane[1]/Content[0]/VBox#mainContentArea[5]/ScrollPane#mainScrollPane[0]/javafx.scene.control.skin.ScrollPaneSkin$5[0]/javafx.scene.control.skin.ScrollPaneSkin$6[0]/VBox#contentContainer[18]/ModuleHost#processDesignerContainer[0]/TitledPane#processDesignerRoot[0]/javafx.scene.control.skin.TitledPaneSkin$1[0]/VBox[4]/SplitPane#designerSplitPane[0]/Content[0]/VBox#palettePanel[2]/ScrollPane[0]/javafx.scene.control.skin.ScrollPaneSkin$5[0]/javafx.scene.control.skin.ScrollPaneSkin$6[0]/VBox#paletteItemsContainer[110]/HBox[1]/VBox[0]/Label	wrap: false -> true	El título o categoría de paleta admite varias líneas dentro de su columna.
process	1081	1081	theme-light.css Process Designer /StackPane#rootStackPane[0]/BorderPane#mainPane[1]/ResponsiveWorkspaceSplitPane#workspaceSplitPane[1]/Content[0]/VBox#mainContentArea[5]/ScrollPane#mainScrollPane[0]/javafx.scene.control.skin.ScrollPaneSkin$5[0]/javafx.scene.control.skin.ScrollPaneSkin$6[0]/VBox#contentContainer[18]/ModuleHost#processDesignerContainer[0]/TitledPane#processDesignerRoot[0]/javafx.scene.control.skin.TitledPaneSkin$1[0]/VBox[4]/SplitPane#designerSplitPane[0]/Content[0]/VBox#palettePanel[2]/ScrollPane[0]/javafx.scene.control.skin.ScrollPaneSkin$5[0]/javafx.scene.control.skin.ScrollPaneSkin$6[0]/VBox#paletteItemsContainer[111]/HBox[0]/Label	minW: -1.0 -> 18.0	Reserva 18 px para el icono de paleta, sin cambiar su fuente.
process	1084	1084	theme-light.css Process Designer /StackPane#rootStackPane[0]/BorderPane#mainPane[1]/ResponsiveWorkspaceSplitPane#workspaceSplitPane[1]/Content[0]/VBox#mainContentArea[5]/ScrollPane#mainScrollPane[0]/javafx.scene.control.skin.ScrollPaneSkin$5[0]/javafx.scene.control.skin.ScrollPaneSkin$6[0]/VBox#contentContainer[18]/ModuleHost#processDesignerContainer[0]/TitledPane#processDesignerRoot[0]/javafx.scene.control.skin.TitledPaneSkin$1[0]/VBox[4]/SplitPane#designerSplitPane[0]/Content[0]/VBox#palettePanel[2]/ScrollPane[0]/javafx.scene.control.skin.ScrollPaneSkin$5[0]/javafx.scene.control.skin.ScrollPaneSkin$6[0]/VBox#paletteItemsContainer[111]/HBox[1]/VBox[0]/Label	wrap: false -> true	El título o categoría de paleta admite varias líneas dentro de su columna.
process	1089	1089	theme-light.css Process Designer /StackPane#rootStackPane[0]/BorderPane#mainPane[1]/ResponsiveWorkspaceSplitPane#workspaceSplitPane[1]/Content[0]/VBox#mainContentArea[5]/ScrollPane#mainScrollPane[0]/javafx.scene.control.skin.ScrollPaneSkin$5[0]/javafx.scene.control.skin.ScrollPaneSkin$6[0]/VBox#contentContainer[18]/ModuleHost#processDesignerContainer[0]/TitledPane#processDesignerRoot[0]/javafx.scene.control.skin.TitledPaneSkin$1[0]/VBox[4]/SplitPane#designerSplitPane[0]/Content[0]/VBox#palettePanel[2]/ScrollPane[0]/javafx.scene.control.skin.ScrollPaneSkin$5[0]/javafx.scene.control.skin.ScrollPaneSkin$6[0]/VBox#paletteItemsContainer[112]/HBox[0]/Label	minW: -1.0 -> 18.0	Reserva 18 px para el icono de paleta, sin cambiar su fuente.
process	1092	1092	theme-light.css Process Designer /StackPane#rootStackPane[0]/BorderPane#mainPane[1]/ResponsiveWorkspaceSplitPane#workspaceSplitPane[1]/Content[0]/VBox#mainContentArea[5]/ScrollPane#mainScrollPane[0]/javafx.scene.control.skin.ScrollPaneSkin$5[0]/javafx.scene.control.skin.ScrollPaneSkin$6[0]/VBox#contentContainer[18]/ModuleHost#processDesignerContainer[0]/TitledPane#processDesignerRoot[0]/javafx.scene.control.skin.TitledPaneSkin$1[0]/VBox[4]/SplitPane#designerSplitPane[0]/Content[0]/VBox#palettePanel[2]/ScrollPane[0]/javafx.scene.control.skin.ScrollPaneSkin$5[0]/javafx.scene.control.skin.ScrollPaneSkin$6[0]/VBox#paletteItemsContainer[112]/HBox[1]/VBox[0]/Label	wrap: false -> true	El título o categoría de paleta admite varias líneas dentro de su columna.
process	1097	1097	theme-light.css Process Designer /StackPane#rootStackPane[0]/BorderPane#mainPane[1]/ResponsiveWorkspaceSplitPane#workspaceSplitPane[1]/Content[0]/VBox#mainContentArea[5]/ScrollPane#mainScrollPane[0]/javafx.scene.control.skin.ScrollPaneSkin$5[0]/javafx.scene.control.skin.ScrollPaneSkin$6[0]/VBox#contentContainer[18]/ModuleHost#processDesignerContainer[0]/TitledPane#processDesignerRoot[0]/javafx.scene.control.skin.TitledPaneSkin$1[0]/VBox[4]/SplitPane#designerSplitPane[0]/Content[0]/VBox#palettePanel[2]/ScrollPane[0]/javafx.scene.control.skin.ScrollPaneSkin$5[0]/javafx.scene.control.skin.ScrollPaneSkin$6[0]/VBox#paletteItemsContainer[113]/HBox[0]/Label	minW: -1.0 -> 18.0	Reserva 18 px para el icono de paleta, sin cambiar su fuente.
process	1100	1100	theme-light.css Process Designer /StackPane#rootStackPane[0]/BorderPane#mainPane[1]/ResponsiveWorkspaceSplitPane#workspaceSplitPane[1]/Content[0]/VBox#mainContentArea[5]/ScrollPane#mainScrollPane[0]/javafx.scene.control.skin.ScrollPaneSkin$5[0]/javafx.scene.control.skin.ScrollPaneSkin$6[0]/VBox#contentContainer[18]/ModuleHost#processDesignerContainer[0]/TitledPane#processDesignerRoot[0]/javafx.scene.control.skin.TitledPaneSkin$1[0]/VBox[4]/SplitPane#designerSplitPane[0]/Content[0]/VBox#palettePanel[2]/ScrollPane[0]/javafx.scene.control.skin.ScrollPaneSkin$5[0]/javafx.scene.control.skin.ScrollPaneSkin$6[0]/VBox#paletteItemsContainer[113]/HBox[1]/VBox[0]/Label	wrap: false -> true	El título o categoría de paleta admite varias líneas dentro de su columna.
process	1105	1105	theme-light.css Process Designer /StackPane#rootStackPane[0]/BorderPane#mainPane[1]/ResponsiveWorkspaceSplitPane#workspaceSplitPane[1]/Content[0]/VBox#mainContentArea[5]/ScrollPane#mainScrollPane[0]/javafx.scene.control.skin.ScrollPaneSkin$5[0]/javafx.scene.control.skin.ScrollPaneSkin$6[0]/VBox#contentContainer[18]/ModuleHost#processDesignerContainer[0]/TitledPane#processDesignerRoot[0]/javafx.scene.control.skin.TitledPaneSkin$1[0]/VBox[4]/SplitPane#designerSplitPane[0]/Content[0]/VBox#palettePanel[2]/ScrollPane[0]/javafx.scene.control.skin.ScrollPaneSkin$5[0]/javafx.scene.control.skin.ScrollPaneSkin$6[0]/VBox#paletteItemsContainer[114]/HBox[0]/Label	minW: -1.0 -> 18.0	Reserva 18 px para el icono de paleta, sin cambiar su fuente.
process	1108	1108	theme-light.css Process Designer /StackPane#rootStackPane[0]/BorderPane#mainPane[1]/ResponsiveWorkspaceSplitPane#workspaceSplitPane[1]/Content[0]/VBox#mainContentArea[5]/ScrollPane#mainScrollPane[0]/javafx.scene.control.skin.ScrollPaneSkin$5[0]/javafx.scene.control.skin.ScrollPaneSkin$6[0]/VBox#contentContainer[18]/ModuleHost#processDesignerContainer[0]/TitledPane#processDesignerRoot[0]/javafx.scene.control.skin.TitledPaneSkin$1[0]/VBox[4]/SplitPane#designerSplitPane[0]/Content[0]/VBox#palettePanel[2]/ScrollPane[0]/javafx.scene.control.skin.ScrollPaneSkin$5[0]/javafx.scene.control.skin.ScrollPaneSkin$6[0]/VBox#paletteItemsContainer[114]/HBox[1]/VBox[0]/Label	wrap: false -> true	El título o categoría de paleta admite varias líneas dentro de su columna.
process	1113	1113	theme-light.css Process Designer /StackPane#rootStackPane[0]/BorderPane#mainPane[1]/ResponsiveWorkspaceSplitPane#workspaceSplitPane[1]/Content[0]/VBox#mainContentArea[5]/ScrollPane#mainScrollPane[0]/javafx.scene.control.skin.ScrollPaneSkin$5[0]/javafx.scene.control.skin.ScrollPaneSkin$6[0]/VBox#contentContainer[18]/ModuleHost#processDesignerContainer[0]/TitledPane#processDesignerRoot[0]/javafx.scene.control.skin.TitledPaneSkin$1[0]/VBox[4]/SplitPane#designerSplitPane[0]/Content[0]/VBox#palettePanel[2]/ScrollPane[0]/javafx.scene.control.skin.ScrollPaneSkin$5[0]/javafx.scene.control.skin.ScrollPaneSkin$6[0]/VBox#paletteItemsContainer[115]/HBox[0]/Label	minW: -1.0 -> 18.0	Reserva 18 px para el icono de paleta, sin cambiar su fuente.
process	1116	1116	theme-light.css Process Designer /StackPane#rootStackPane[0]/BorderPane#mainPane[1]/ResponsiveWorkspaceSplitPane#workspaceSplitPane[1]/Content[0]/VBox#mainContentArea[5]/ScrollPane#mainScrollPane[0]/javafx.scene.control.skin.ScrollPaneSkin$5[0]/javafx.scene.control.skin.ScrollPaneSkin$6[0]/VBox#contentContainer[18]/ModuleHost#processDesignerContainer[0]/TitledPane#processDesignerRoot[0]/javafx.scene.control.skin.TitledPaneSkin$1[0]/VBox[4]/SplitPane#designerSplitPane[0]/Content[0]/VBox#palettePanel[2]/ScrollPane[0]/javafx.scene.control.skin.ScrollPaneSkin$5[0]/javafx.scene.control.skin.ScrollPaneSkin$6[0]/VBox#paletteItemsContainer[115]/HBox[1]/VBox[0]/Label	wrap: false -> true	El título o categoría de paleta admite varias líneas dentro de su columna.
process	1121	1121	theme-light.css Process Designer /StackPane#rootStackPane[0]/BorderPane#mainPane[1]/ResponsiveWorkspaceSplitPane#workspaceSplitPane[1]/Content[0]/VBox#mainContentArea[5]/ScrollPane#mainScrollPane[0]/javafx.scene.control.skin.ScrollPaneSkin$5[0]/javafx.scene.control.skin.ScrollPaneSkin$6[0]/VBox#contentContainer[18]/ModuleHost#processDesignerContainer[0]/TitledPane#processDesignerRoot[0]/javafx.scene.control.skin.TitledPaneSkin$1[0]/VBox[4]/SplitPane#designerSplitPane[0]/Content[0]/VBox#palettePanel[2]/ScrollPane[0]/javafx.scene.control.skin.ScrollPaneSkin$5[0]/javafx.scene.control.skin.ScrollPaneSkin$6[0]/VBox#paletteItemsContainer[116]/HBox[0]/Label	minW: -1.0 -> 18.0	Reserva 18 px para el icono de paleta, sin cambiar su fuente.
process	1124	1124	theme-light.css Process Designer /StackPane#rootStackPane[0]/BorderPane#mainPane[1]/ResponsiveWorkspaceSplitPane#workspaceSplitPane[1]/Content[0]/VBox#mainContentArea[5]/ScrollPane#mainScrollPane[0]/javafx.scene.control.skin.ScrollPaneSkin$5[0]/javafx.scene.control.skin.ScrollPaneSkin$6[0]/VBox#contentContainer[18]/ModuleHost#processDesignerContainer[0]/TitledPane#processDesignerRoot[0]/javafx.scene.control.skin.TitledPaneSkin$1[0]/VBox[4]/SplitPane#designerSplitPane[0]/Content[0]/VBox#palettePanel[2]/ScrollPane[0]/javafx.scene.control.skin.ScrollPaneSkin$5[0]/javafx.scene.control.skin.ScrollPaneSkin$6[0]/VBox#paletteItemsContainer[116]/HBox[1]/VBox[0]/Label	wrap: false -> true	El título o categoría de paleta admite varias líneas dentro de su columna.
process	1129	1129	theme-light.css Process Designer /StackPane#rootStackPane[0]/BorderPane#mainPane[1]/ResponsiveWorkspaceSplitPane#workspaceSplitPane[1]/Content[0]/VBox#mainContentArea[5]/ScrollPane#mainScrollPane[0]/javafx.scene.control.skin.ScrollPaneSkin$5[0]/javafx.scene.control.skin.ScrollPaneSkin$6[0]/VBox#contentContainer[18]/ModuleHost#processDesignerContainer[0]/TitledPane#processDesignerRoot[0]/javafx.scene.control.skin.TitledPaneSkin$1[0]/VBox[4]/SplitPane#designerSplitPane[0]/Content[0]/VBox#palettePanel[2]/ScrollPane[0]/javafx.scene.control.skin.ScrollPaneSkin$5[0]/javafx.scene.control.skin.ScrollPaneSkin$6[0]/VBox#paletteItemsContainer[117]/HBox[0]/Label	minW: -1.0 -> 18.0	Reserva 18 px para el icono de paleta, sin cambiar su fuente.
process	1132	1132	theme-light.css Process Designer /StackPane#rootStackPane[0]/BorderPane#mainPane[1]/ResponsiveWorkspaceSplitPane#workspaceSplitPane[1]/Content[0]/VBox#mainContentArea[5]/ScrollPane#mainScrollPane[0]/javafx.scene.control.skin.ScrollPaneSkin$5[0]/javafx.scene.control.skin.ScrollPaneSkin$6[0]/VBox#contentContainer[18]/ModuleHost#processDesignerContainer[0]/TitledPane#processDesignerRoot[0]/javafx.scene.control.skin.TitledPaneSkin$1[0]/VBox[4]/SplitPane#designerSplitPane[0]/Content[0]/VBox#palettePanel[2]/ScrollPane[0]/javafx.scene.control.skin.ScrollPaneSkin$5[0]/javafx.scene.control.skin.ScrollPaneSkin$6[0]/VBox#paletteItemsContainer[117]/HBox[1]/VBox[0]/Label	wrap: false -> true	El título o categoría de paleta admite varias líneas dentro de su columna.
process	1137	1137	theme-light.css Process Designer /StackPane#rootStackPane[0]/BorderPane#mainPane[1]/ResponsiveWorkspaceSplitPane#workspaceSplitPane[1]/Content[0]/VBox#mainContentArea[5]/ScrollPane#mainScrollPane[0]/javafx.scene.control.skin.ScrollPaneSkin$5[0]/javafx.scene.control.skin.ScrollPaneSkin$6[0]/VBox#contentContainer[18]/ModuleHost#processDesignerContainer[0]/TitledPane#processDesignerRoot[0]/javafx.scene.control.skin.TitledPaneSkin$1[0]/VBox[4]/SplitPane#designerSplitPane[0]/Content[0]/VBox#palettePanel[2]/ScrollPane[0]/javafx.scene.control.skin.ScrollPaneSkin$5[0]/javafx.scene.control.skin.ScrollPaneSkin$6[0]/VBox#paletteItemsContainer[118]/HBox[0]/Label	minW: -1.0 -> 18.0	Reserva 18 px para el icono de paleta, sin cambiar su fuente.
process	1140	1140	theme-light.css Process Designer /StackPane#rootStackPane[0]/BorderPane#mainPane[1]/ResponsiveWorkspaceSplitPane#workspaceSplitPane[1]/Content[0]/VBox#mainContentArea[5]/ScrollPane#mainScrollPane[0]/javafx.scene.control.skin.ScrollPaneSkin$5[0]/javafx.scene.control.skin.ScrollPaneSkin$6[0]/VBox#contentContainer[18]/ModuleHost#processDesignerContainer[0]/TitledPane#processDesignerRoot[0]/javafx.scene.control.skin.TitledPaneSkin$1[0]/VBox[4]/SplitPane#designerSplitPane[0]/Content[0]/VBox#palettePanel[2]/ScrollPane[0]/javafx.scene.control.skin.ScrollPaneSkin$5[0]/javafx.scene.control.skin.ScrollPaneSkin$6[0]/VBox#paletteItemsContainer[118]/HBox[1]/VBox[0]/Label	wrap: false -> true	El título o categoría de paleta admite varias líneas dentro de su columna.
process	1145	1145	theme-light.css Process Designer /StackPane#rootStackPane[0]/BorderPane#mainPane[1]/ResponsiveWorkspaceSplitPane#workspaceSplitPane[1]/Content[0]/VBox#mainContentArea[5]/ScrollPane#mainScrollPane[0]/javafx.scene.control.skin.ScrollPaneSkin$5[0]/javafx.scene.control.skin.ScrollPaneSkin$6[0]/VBox#contentContainer[18]/ModuleHost#processDesignerContainer[0]/TitledPane#processDesignerRoot[0]/javafx.scene.control.skin.TitledPaneSkin$1[0]/VBox[4]/SplitPane#designerSplitPane[0]/Content[0]/VBox#palettePanel[2]/ScrollPane[0]/javafx.scene.control.skin.ScrollPaneSkin$5[0]/javafx.scene.control.skin.ScrollPaneSkin$6[0]/VBox#paletteItemsContainer[119]/HBox[0]/Label	minW: -1.0 -> 18.0	Reserva 18 px para el icono de paleta, sin cambiar su fuente.
process	1148	1148	theme-light.css Process Designer /StackPane#rootStackPane[0]/BorderPane#mainPane[1]/ResponsiveWorkspaceSplitPane#workspaceSplitPane[1]/Content[0]/VBox#mainContentArea[5]/ScrollPane#mainScrollPane[0]/javafx.scene.control.skin.ScrollPaneSkin$5[0]/javafx.scene.control.skin.ScrollPaneSkin$6[0]/VBox#contentContainer[18]/ModuleHost#processDesignerContainer[0]/TitledPane#processDesignerRoot[0]/javafx.scene.control.skin.TitledPaneSkin$1[0]/VBox[4]/SplitPane#designerSplitPane[0]/Content[0]/VBox#palettePanel[2]/ScrollPane[0]/javafx.scene.control.skin.ScrollPaneSkin$5[0]/javafx.scene.control.skin.ScrollPaneSkin$6[0]/VBox#paletteItemsContainer[119]/HBox[1]/VBox[0]/Label	wrap: false -> true	El título o categoría de paleta admite varias líneas dentro de su columna.
process	311	311	theme-light.css Process Designer /StackPane#rootStackPane[0]/BorderPane#mainPane[1]/ResponsiveWorkspaceSplitPane#workspaceSplitPane[1]/Content[0]/VBox#mainContentArea[5]/ScrollPane#mainScrollPane[0]/javafx.scene.control.skin.ScrollPaneSkin$5[0]/javafx.scene.control.skin.ScrollPaneSkin$6[0]/VBox#contentContainer[18]/ModuleHost#processDesignerContainer[0]/TitledPane#processDesignerRoot[0]/javafx.scene.control.skin.TitledPaneSkin$1[0]/VBox[4]/SplitPane#designerSplitPane[0]/Content[0]/VBox#palettePanel[2]/ScrollPane[0]/javafx.scene.control.skin.ScrollPaneSkin$5[0]/javafx.scene.control.skin.ScrollPaneSkin$6[0]/VBox#paletteItemsContainer[11]/HBox[0]/Label	minW: -1.0 -> 18.0	Reserva 18 px para el icono de paleta, sin cambiar su fuente.
process	314	314	theme-light.css Process Designer /StackPane#rootStackPane[0]/BorderPane#mainPane[1]/ResponsiveWorkspaceSplitPane#workspaceSplitPane[1]/Content[0]/VBox#mainContentArea[5]/ScrollPane#mainScrollPane[0]/javafx.scene.control.skin.ScrollPaneSkin$5[0]/javafx.scene.control.skin.ScrollPaneSkin$6[0]/VBox#contentContainer[18]/ModuleHost#processDesignerContainer[0]/TitledPane#processDesignerRoot[0]/javafx.scene.control.skin.TitledPaneSkin$1[0]/VBox[4]/SplitPane#designerSplitPane[0]/Content[0]/VBox#palettePanel[2]/ScrollPane[0]/javafx.scene.control.skin.ScrollPaneSkin$5[0]/javafx.scene.control.skin.ScrollPaneSkin$6[0]/VBox#paletteItemsContainer[11]/HBox[1]/VBox[0]/Label	wrap: false -> true	El título o categoría de paleta admite varias líneas dentro de su columna.
process	1153	1153	theme-light.css Process Designer /StackPane#rootStackPane[0]/BorderPane#mainPane[1]/ResponsiveWorkspaceSplitPane#workspaceSplitPane[1]/Content[0]/VBox#mainContentArea[5]/ScrollPane#mainScrollPane[0]/javafx.scene.control.skin.ScrollPaneSkin$5[0]/javafx.scene.control.skin.ScrollPaneSkin$6[0]/VBox#contentContainer[18]/ModuleHost#processDesignerContainer[0]/TitledPane#processDesignerRoot[0]/javafx.scene.control.skin.TitledPaneSkin$1[0]/VBox[4]/SplitPane#designerSplitPane[0]/Content[0]/VBox#palettePanel[2]/ScrollPane[0]/javafx.scene.control.skin.ScrollPaneSkin$5[0]/javafx.scene.control.skin.ScrollPaneSkin$6[0]/VBox#paletteItemsContainer[120]/HBox[0]/Label	minW: -1.0 -> 18.0	Reserva 18 px para el icono de paleta, sin cambiar su fuente.
process	1156	1156	theme-light.css Process Designer /StackPane#rootStackPane[0]/BorderPane#mainPane[1]/ResponsiveWorkspaceSplitPane#workspaceSplitPane[1]/Content[0]/VBox#mainContentArea[5]/ScrollPane#mainScrollPane[0]/javafx.scene.control.skin.ScrollPaneSkin$5[0]/javafx.scene.control.skin.ScrollPaneSkin$6[0]/VBox#contentContainer[18]/ModuleHost#processDesignerContainer[0]/TitledPane#processDesignerRoot[0]/javafx.scene.control.skin.TitledPaneSkin$1[0]/VBox[4]/SplitPane#designerSplitPane[0]/Content[0]/VBox#palettePanel[2]/ScrollPane[0]/javafx.scene.control.skin.ScrollPaneSkin$5[0]/javafx.scene.control.skin.ScrollPaneSkin$6[0]/VBox#paletteItemsContainer[120]/HBox[1]/VBox[0]/Label	wrap: false -> true	El título o categoría de paleta admite varias líneas dentro de su columna.
process	1161	1161	theme-light.css Process Designer /StackPane#rootStackPane[0]/BorderPane#mainPane[1]/ResponsiveWorkspaceSplitPane#workspaceSplitPane[1]/Content[0]/VBox#mainContentArea[5]/ScrollPane#mainScrollPane[0]/javafx.scene.control.skin.ScrollPaneSkin$5[0]/javafx.scene.control.skin.ScrollPaneSkin$6[0]/VBox#contentContainer[18]/ModuleHost#processDesignerContainer[0]/TitledPane#processDesignerRoot[0]/javafx.scene.control.skin.TitledPaneSkin$1[0]/VBox[4]/SplitPane#designerSplitPane[0]/Content[0]/VBox#palettePanel[2]/ScrollPane[0]/javafx.scene.control.skin.ScrollPaneSkin$5[0]/javafx.scene.control.skin.ScrollPaneSkin$6[0]/VBox#paletteItemsContainer[121]/HBox[0]/Label	minW: -1.0 -> 18.0	Reserva 18 px para el icono de paleta, sin cambiar su fuente.
process	1164	1164	theme-light.css Process Designer /StackPane#rootStackPane[0]/BorderPane#mainPane[1]/ResponsiveWorkspaceSplitPane#workspaceSplitPane[1]/Content[0]/VBox#mainContentArea[5]/ScrollPane#mainScrollPane[0]/javafx.scene.control.skin.ScrollPaneSkin$5[0]/javafx.scene.control.skin.ScrollPaneSkin$6[0]/VBox#contentContainer[18]/ModuleHost#processDesignerContainer[0]/TitledPane#processDesignerRoot[0]/javafx.scene.control.skin.TitledPaneSkin$1[0]/VBox[4]/SplitPane#designerSplitPane[0]/Content[0]/VBox#palettePanel[2]/ScrollPane[0]/javafx.scene.control.skin.ScrollPaneSkin$5[0]/javafx.scene.control.skin.ScrollPaneSkin$6[0]/VBox#paletteItemsContainer[121]/HBox[1]/VBox[0]/Label	wrap: false -> true	El título o categoría de paleta admite varias líneas dentro de su columna.
process	1169	1169	theme-light.css Process Designer /StackPane#rootStackPane[0]/BorderPane#mainPane[1]/ResponsiveWorkspaceSplitPane#workspaceSplitPane[1]/Content[0]/VBox#mainContentArea[5]/ScrollPane#mainScrollPane[0]/javafx.scene.control.skin.ScrollPaneSkin$5[0]/javafx.scene.control.skin.ScrollPaneSkin$6[0]/VBox#contentContainer[18]/ModuleHost#processDesignerContainer[0]/TitledPane#processDesignerRoot[0]/javafx.scene.control.skin.TitledPaneSkin$1[0]/VBox[4]/SplitPane#designerSplitPane[0]/Content[0]/VBox#palettePanel[2]/ScrollPane[0]/javafx.scene.control.skin.ScrollPaneSkin$5[0]/javafx.scene.control.skin.ScrollPaneSkin$6[0]/VBox#paletteItemsContainer[122]/HBox[0]/Label	minW: -1.0 -> 18.0	Reserva 18 px para el icono de paleta, sin cambiar su fuente.
process	1172	1172	theme-light.css Process Designer /StackPane#rootStackPane[0]/BorderPane#mainPane[1]/ResponsiveWorkspaceSplitPane#workspaceSplitPane[1]/Content[0]/VBox#mainContentArea[5]/ScrollPane#mainScrollPane[0]/javafx.scene.control.skin.ScrollPaneSkin$5[0]/javafx.scene.control.skin.ScrollPaneSkin$6[0]/VBox#contentContainer[18]/ModuleHost#processDesignerContainer[0]/TitledPane#processDesignerRoot[0]/javafx.scene.control.skin.TitledPaneSkin$1[0]/VBox[4]/SplitPane#designerSplitPane[0]/Content[0]/VBox#palettePanel[2]/ScrollPane[0]/javafx.scene.control.skin.ScrollPaneSkin$5[0]/javafx.scene.control.skin.ScrollPaneSkin$6[0]/VBox#paletteItemsContainer[122]/HBox[1]/VBox[0]/Label	wrap: false -> true	El título o categoría de paleta admite varias líneas dentro de su columna.
process	1177	1177	theme-light.css Process Designer /StackPane#rootStackPane[0]/BorderPane#mainPane[1]/ResponsiveWorkspaceSplitPane#workspaceSplitPane[1]/Content[0]/VBox#mainContentArea[5]/ScrollPane#mainScrollPane[0]/javafx.scene.control.skin.ScrollPaneSkin$5[0]/javafx.scene.control.skin.ScrollPaneSkin$6[0]/VBox#contentContainer[18]/ModuleHost#processDesignerContainer[0]/TitledPane#processDesignerRoot[0]/javafx.scene.control.skin.TitledPaneSkin$1[0]/VBox[4]/SplitPane#designerSplitPane[0]/Content[0]/VBox#palettePanel[2]/ScrollPane[0]/javafx.scene.control.skin.ScrollPaneSkin$5[0]/javafx.scene.control.skin.ScrollPaneSkin$6[0]/VBox#paletteItemsContainer[123]/HBox[0]/Label	minW: -1.0 -> 18.0	Reserva 18 px para el icono de paleta, sin cambiar su fuente.
process	1180	1180	theme-light.css Process Designer /StackPane#rootStackPane[0]/BorderPane#mainPane[1]/ResponsiveWorkspaceSplitPane#workspaceSplitPane[1]/Content[0]/VBox#mainContentArea[5]/ScrollPane#mainScrollPane[0]/javafx.scene.control.skin.ScrollPaneSkin$5[0]/javafx.scene.control.skin.ScrollPaneSkin$6[0]/VBox#contentContainer[18]/ModuleHost#processDesignerContainer[0]/TitledPane#processDesignerRoot[0]/javafx.scene.control.skin.TitledPaneSkin$1[0]/VBox[4]/SplitPane#designerSplitPane[0]/Content[0]/VBox#palettePanel[2]/ScrollPane[0]/javafx.scene.control.skin.ScrollPaneSkin$5[0]/javafx.scene.control.skin.ScrollPaneSkin$6[0]/VBox#paletteItemsContainer[123]/HBox[1]/VBox[0]/Label	wrap: false -> true	El título o categoría de paleta admite varias líneas dentro de su columna.
process	1185	1185	theme-light.css Process Designer /StackPane#rootStackPane[0]/BorderPane#mainPane[1]/ResponsiveWorkspaceSplitPane#workspaceSplitPane[1]/Content[0]/VBox#mainContentArea[5]/ScrollPane#mainScrollPane[0]/javafx.scene.control.skin.ScrollPaneSkin$5[0]/javafx.scene.control.skin.ScrollPaneSkin$6[0]/VBox#contentContainer[18]/ModuleHost#processDesignerContainer[0]/TitledPane#processDesignerRoot[0]/javafx.scene.control.skin.TitledPaneSkin$1[0]/VBox[4]/SplitPane#designerSplitPane[0]/Content[0]/VBox#palettePanel[2]/ScrollPane[0]/javafx.scene.control.skin.ScrollPaneSkin$5[0]/javafx.scene.control.skin.ScrollPaneSkin$6[0]/VBox#paletteItemsContainer[124]/HBox[0]/Label	minW: -1.0 -> 18.0	Reserva 18 px para el icono de paleta, sin cambiar su fuente.
process	1188	1188	theme-light.css Process Designer /StackPane#rootStackPane[0]/BorderPane#mainPane[1]/ResponsiveWorkspaceSplitPane#workspaceSplitPane[1]/Content[0]/VBox#mainContentArea[5]/ScrollPane#mainScrollPane[0]/javafx.scene.control.skin.ScrollPaneSkin$5[0]/javafx.scene.control.skin.ScrollPaneSkin$6[0]/VBox#contentContainer[18]/ModuleHost#processDesignerContainer[0]/TitledPane#processDesignerRoot[0]/javafx.scene.control.skin.TitledPaneSkin$1[0]/VBox[4]/SplitPane#designerSplitPane[0]/Content[0]/VBox#palettePanel[2]/ScrollPane[0]/javafx.scene.control.skin.ScrollPaneSkin$5[0]/javafx.scene.control.skin.ScrollPaneSkin$6[0]/VBox#paletteItemsContainer[124]/HBox[1]/VBox[0]/Label	wrap: false -> true	El título o categoría de paleta admite varias líneas dentro de su columna.
process	1193	1193	theme-light.css Process Designer /StackPane#rootStackPane[0]/BorderPane#mainPane[1]/ResponsiveWorkspaceSplitPane#workspaceSplitPane[1]/Content[0]/VBox#mainContentArea[5]/ScrollPane#mainScrollPane[0]/javafx.scene.control.skin.ScrollPaneSkin$5[0]/javafx.scene.control.skin.ScrollPaneSkin$6[0]/VBox#contentContainer[18]/ModuleHost#processDesignerContainer[0]/TitledPane#processDesignerRoot[0]/javafx.scene.control.skin.TitledPaneSkin$1[0]/VBox[4]/SplitPane#designerSplitPane[0]/Content[0]/VBox#palettePanel[2]/ScrollPane[0]/javafx.scene.control.skin.ScrollPaneSkin$5[0]/javafx.scene.control.skin.ScrollPaneSkin$6[0]/VBox#paletteItemsContainer[125]/HBox[0]/Label	minW: -1.0 -> 18.0	Reserva 18 px para el icono de paleta, sin cambiar su fuente.
process	1196	1196	theme-light.css Process Designer /StackPane#rootStackPane[0]/BorderPane#mainPane[1]/ResponsiveWorkspaceSplitPane#workspaceSplitPane[1]/Content[0]/VBox#mainContentArea[5]/ScrollPane#mainScrollPane[0]/javafx.scene.control.skin.ScrollPaneSkin$5[0]/javafx.scene.control.skin.ScrollPaneSkin$6[0]/VBox#contentContainer[18]/ModuleHost#processDesignerContainer[0]/TitledPane#processDesignerRoot[0]/javafx.scene.control.skin.TitledPaneSkin$1[0]/VBox[4]/SplitPane#designerSplitPane[0]/Content[0]/VBox#palettePanel[2]/ScrollPane[0]/javafx.scene.control.skin.ScrollPaneSkin$5[0]/javafx.scene.control.skin.ScrollPaneSkin$6[0]/VBox#paletteItemsContainer[125]/HBox[1]/VBox[0]/Label	wrap: false -> true	El título o categoría de paleta admite varias líneas dentro de su columna.
process	1201	1201	theme-light.css Process Designer /StackPane#rootStackPane[0]/BorderPane#mainPane[1]/ResponsiveWorkspaceSplitPane#workspaceSplitPane[1]/Content[0]/VBox#mainContentArea[5]/ScrollPane#mainScrollPane[0]/javafx.scene.control.skin.ScrollPaneSkin$5[0]/javafx.scene.control.skin.ScrollPaneSkin$6[0]/VBox#contentContainer[18]/ModuleHost#processDesignerContainer[0]/TitledPane#processDesignerRoot[0]/javafx.scene.control.skin.TitledPaneSkin$1[0]/VBox[4]/SplitPane#designerSplitPane[0]/Content[0]/VBox#palettePanel[2]/ScrollPane[0]/javafx.scene.control.skin.ScrollPaneSkin$5[0]/javafx.scene.control.skin.ScrollPaneSkin$6[0]/VBox#paletteItemsContainer[126]/HBox[0]/Label	minW: -1.0 -> 18.0	Reserva 18 px para el icono de paleta, sin cambiar su fuente.
process	1204	1204	theme-light.css Process Designer /StackPane#rootStackPane[0]/BorderPane#mainPane[1]/ResponsiveWorkspaceSplitPane#workspaceSplitPane[1]/Content[0]/VBox#mainContentArea[5]/ScrollPane#mainScrollPane[0]/javafx.scene.control.skin.ScrollPaneSkin$5[0]/javafx.scene.control.skin.ScrollPaneSkin$6[0]/VBox#contentContainer[18]/ModuleHost#processDesignerContainer[0]/TitledPane#processDesignerRoot[0]/javafx.scene.control.skin.TitledPaneSkin$1[0]/VBox[4]/SplitPane#designerSplitPane[0]/Content[0]/VBox#palettePanel[2]/ScrollPane[0]/javafx.scene.control.skin.ScrollPaneSkin$5[0]/javafx.scene.control.skin.ScrollPaneSkin$6[0]/VBox#paletteItemsContainer[126]/HBox[1]/VBox[0]/Label	wrap: false -> true	El título o categoría de paleta admite varias líneas dentro de su columna.
process	1209	1209	theme-light.css Process Designer /StackPane#rootStackPane[0]/BorderPane#mainPane[1]/ResponsiveWorkspaceSplitPane#workspaceSplitPane[1]/Content[0]/VBox#mainContentArea[5]/ScrollPane#mainScrollPane[0]/javafx.scene.control.skin.ScrollPaneSkin$5[0]/javafx.scene.control.skin.ScrollPaneSkin$6[0]/VBox#contentContainer[18]/ModuleHost#processDesignerContainer[0]/TitledPane#processDesignerRoot[0]/javafx.scene.control.skin.TitledPaneSkin$1[0]/VBox[4]/SplitPane#designerSplitPane[0]/Content[0]/VBox#palettePanel[2]/ScrollPane[0]/javafx.scene.control.skin.ScrollPaneSkin$5[0]/javafx.scene.control.skin.ScrollPaneSkin$6[0]/VBox#paletteItemsContainer[127]/HBox[0]/Label	minW: -1.0 -> 18.0	Reserva 18 px para el icono de paleta, sin cambiar su fuente.
process	1212	1212	theme-light.css Process Designer /StackPane#rootStackPane[0]/BorderPane#mainPane[1]/ResponsiveWorkspaceSplitPane#workspaceSplitPane[1]/Content[0]/VBox#mainContentArea[5]/ScrollPane#mainScrollPane[0]/javafx.scene.control.skin.ScrollPaneSkin$5[0]/javafx.scene.control.skin.ScrollPaneSkin$6[0]/VBox#contentContainer[18]/ModuleHost#processDesignerContainer[0]/TitledPane#processDesignerRoot[0]/javafx.scene.control.skin.TitledPaneSkin$1[0]/VBox[4]/SplitPane#designerSplitPane[0]/Content[0]/VBox#palettePanel[2]/ScrollPane[0]/javafx.scene.control.skin.ScrollPaneSkin$5[0]/javafx.scene.control.skin.ScrollPaneSkin$6[0]/VBox#paletteItemsContainer[127]/HBox[1]/VBox[0]/Label	wrap: false -> true	El título o categoría de paleta admite varias líneas dentro de su columna.
process	1217	1217	theme-light.css Process Designer /StackPane#rootStackPane[0]/BorderPane#mainPane[1]/ResponsiveWorkspaceSplitPane#workspaceSplitPane[1]/Content[0]/VBox#mainContentArea[5]/ScrollPane#mainScrollPane[0]/javafx.scene.control.skin.ScrollPaneSkin$5[0]/javafx.scene.control.skin.ScrollPaneSkin$6[0]/VBox#contentContainer[18]/ModuleHost#processDesignerContainer[0]/TitledPane#processDesignerRoot[0]/javafx.scene.control.skin.TitledPaneSkin$1[0]/VBox[4]/SplitPane#designerSplitPane[0]/Content[0]/VBox#palettePanel[2]/ScrollPane[0]/javafx.scene.control.skin.ScrollPaneSkin$5[0]/javafx.scene.control.skin.ScrollPaneSkin$6[0]/VBox#paletteItemsContainer[128]/HBox[0]/Label	minW: -1.0 -> 18.0	Reserva 18 px para el icono de paleta, sin cambiar su fuente.
process	1220	1220	theme-light.css Process Designer /StackPane#rootStackPane[0]/BorderPane#mainPane[1]/ResponsiveWorkspaceSplitPane#workspaceSplitPane[1]/Content[0]/VBox#mainContentArea[5]/ScrollPane#mainScrollPane[0]/javafx.scene.control.skin.ScrollPaneSkin$5[0]/javafx.scene.control.skin.ScrollPaneSkin$6[0]/VBox#contentContainer[18]/ModuleHost#processDesignerContainer[0]/TitledPane#processDesignerRoot[0]/javafx.scene.control.skin.TitledPaneSkin$1[0]/VBox[4]/SplitPane#designerSplitPane[0]/Content[0]/VBox#palettePanel[2]/ScrollPane[0]/javafx.scene.control.skin.ScrollPaneSkin$5[0]/javafx.scene.control.skin.ScrollPaneSkin$6[0]/VBox#paletteItemsContainer[128]/HBox[1]/VBox[0]/Label	wrap: false -> true	El título o categoría de paleta admite varias líneas dentro de su columna.
process	1225	1225	theme-light.css Process Designer /StackPane#rootStackPane[0]/BorderPane#mainPane[1]/ResponsiveWorkspaceSplitPane#workspaceSplitPane[1]/Content[0]/VBox#mainContentArea[5]/ScrollPane#mainScrollPane[0]/javafx.scene.control.skin.ScrollPaneSkin$5[0]/javafx.scene.control.skin.ScrollPaneSkin$6[0]/VBox#contentContainer[18]/ModuleHost#processDesignerContainer[0]/TitledPane#processDesignerRoot[0]/javafx.scene.control.skin.TitledPaneSkin$1[0]/VBox[4]/SplitPane#designerSplitPane[0]/Content[0]/VBox#palettePanel[2]/ScrollPane[0]/javafx.scene.control.skin.ScrollPaneSkin$5[0]/javafx.scene.control.skin.ScrollPaneSkin$6[0]/VBox#paletteItemsContainer[129]/HBox[0]/Label	minW: -1.0 -> 18.0	Reserva 18 px para el icono de paleta, sin cambiar su fuente.
process	1228	1228	theme-light.css Process Designer /StackPane#rootStackPane[0]/BorderPane#mainPane[1]/ResponsiveWorkspaceSplitPane#workspaceSplitPane[1]/Content[0]/VBox#mainContentArea[5]/ScrollPane#mainScrollPane[0]/javafx.scene.control.skin.ScrollPaneSkin$5[0]/javafx.scene.control.skin.ScrollPaneSkin$6[0]/VBox#contentContainer[18]/ModuleHost#processDesignerContainer[0]/TitledPane#processDesignerRoot[0]/javafx.scene.control.skin.TitledPaneSkin$1[0]/VBox[4]/SplitPane#designerSplitPane[0]/Content[0]/VBox#palettePanel[2]/ScrollPane[0]/javafx.scene.control.skin.ScrollPaneSkin$5[0]/javafx.scene.control.skin.ScrollPaneSkin$6[0]/VBox#paletteItemsContainer[129]/HBox[1]/VBox[0]/Label	wrap: false -> true	El título o categoría de paleta admite varias líneas dentro de su columna.
process	319	319	theme-light.css Process Designer /StackPane#rootStackPane[0]/BorderPane#mainPane[1]/ResponsiveWorkspaceSplitPane#workspaceSplitPane[1]/Content[0]/VBox#mainContentArea[5]/ScrollPane#mainScrollPane[0]/javafx.scene.control.skin.ScrollPaneSkin$5[0]/javafx.scene.control.skin.ScrollPaneSkin$6[0]/VBox#contentContainer[18]/ModuleHost#processDesignerContainer[0]/TitledPane#processDesignerRoot[0]/javafx.scene.control.skin.TitledPaneSkin$1[0]/VBox[4]/SplitPane#designerSplitPane[0]/Content[0]/VBox#palettePanel[2]/ScrollPane[0]/javafx.scene.control.skin.ScrollPaneSkin$5[0]/javafx.scene.control.skin.ScrollPaneSkin$6[0]/VBox#paletteItemsContainer[12]/HBox[0]/Label	minW: -1.0 -> 18.0	Reserva 18 px para el icono de paleta, sin cambiar su fuente.
process	322	322	theme-light.css Process Designer /StackPane#rootStackPane[0]/BorderPane#mainPane[1]/ResponsiveWorkspaceSplitPane#workspaceSplitPane[1]/Content[0]/VBox#mainContentArea[5]/ScrollPane#mainScrollPane[0]/javafx.scene.control.skin.ScrollPaneSkin$5[0]/javafx.scene.control.skin.ScrollPaneSkin$6[0]/VBox#contentContainer[18]/ModuleHost#processDesignerContainer[0]/TitledPane#processDesignerRoot[0]/javafx.scene.control.skin.TitledPaneSkin$1[0]/VBox[4]/SplitPane#designerSplitPane[0]/Content[0]/VBox#palettePanel[2]/ScrollPane[0]/javafx.scene.control.skin.ScrollPaneSkin$5[0]/javafx.scene.control.skin.ScrollPaneSkin$6[0]/VBox#paletteItemsContainer[12]/HBox[1]/VBox[0]/Label	wrap: false -> true	El título o categoría de paleta admite varias líneas dentro de su columna.
process	1233	1233	theme-light.css Process Designer /StackPane#rootStackPane[0]/BorderPane#mainPane[1]/ResponsiveWorkspaceSplitPane#workspaceSplitPane[1]/Content[0]/VBox#mainContentArea[5]/ScrollPane#mainScrollPane[0]/javafx.scene.control.skin.ScrollPaneSkin$5[0]/javafx.scene.control.skin.ScrollPaneSkin$6[0]/VBox#contentContainer[18]/ModuleHost#processDesignerContainer[0]/TitledPane#processDesignerRoot[0]/javafx.scene.control.skin.TitledPaneSkin$1[0]/VBox[4]/SplitPane#designerSplitPane[0]/Content[0]/VBox#palettePanel[2]/ScrollPane[0]/javafx.scene.control.skin.ScrollPaneSkin$5[0]/javafx.scene.control.skin.ScrollPaneSkin$6[0]/VBox#paletteItemsContainer[130]/HBox[0]/Label	minW: -1.0 -> 18.0	Reserva 18 px para el icono de paleta, sin cambiar su fuente.
process	1236	1236	theme-light.css Process Designer /StackPane#rootStackPane[0]/BorderPane#mainPane[1]/ResponsiveWorkspaceSplitPane#workspaceSplitPane[1]/Content[0]/VBox#mainContentArea[5]/ScrollPane#mainScrollPane[0]/javafx.scene.control.skin.ScrollPaneSkin$5[0]/javafx.scene.control.skin.ScrollPaneSkin$6[0]/VBox#contentContainer[18]/ModuleHost#processDesignerContainer[0]/TitledPane#processDesignerRoot[0]/javafx.scene.control.skin.TitledPaneSkin$1[0]/VBox[4]/SplitPane#designerSplitPane[0]/Content[0]/VBox#palettePanel[2]/ScrollPane[0]/javafx.scene.control.skin.ScrollPaneSkin$5[0]/javafx.scene.control.skin.ScrollPaneSkin$6[0]/VBox#paletteItemsContainer[130]/HBox[1]/VBox[0]/Label	wrap: false -> true	El título o categoría de paleta admite varias líneas dentro de su columna.
process	1241	1241	theme-light.css Process Designer /StackPane#rootStackPane[0]/BorderPane#mainPane[1]/ResponsiveWorkspaceSplitPane#workspaceSplitPane[1]/Content[0]/VBox#mainContentArea[5]/ScrollPane#mainScrollPane[0]/javafx.scene.control.skin.ScrollPaneSkin$5[0]/javafx.scene.control.skin.ScrollPaneSkin$6[0]/VBox#contentContainer[18]/ModuleHost#processDesignerContainer[0]/TitledPane#processDesignerRoot[0]/javafx.scene.control.skin.TitledPaneSkin$1[0]/VBox[4]/SplitPane#designerSplitPane[0]/Content[0]/VBox#palettePanel[2]/ScrollPane[0]/javafx.scene.control.skin.ScrollPaneSkin$5[0]/javafx.scene.control.skin.ScrollPaneSkin$6[0]/VBox#paletteItemsContainer[131]/HBox[0]/Label	minW: -1.0 -> 18.0	Reserva 18 px para el icono de paleta, sin cambiar su fuente.
process	1244	1244	theme-light.css Process Designer /StackPane#rootStackPane[0]/BorderPane#mainPane[1]/ResponsiveWorkspaceSplitPane#workspaceSplitPane[1]/Content[0]/VBox#mainContentArea[5]/ScrollPane#mainScrollPane[0]/javafx.scene.control.skin.ScrollPaneSkin$5[0]/javafx.scene.control.skin.ScrollPaneSkin$6[0]/VBox#contentContainer[18]/ModuleHost#processDesignerContainer[0]/TitledPane#processDesignerRoot[0]/javafx.scene.control.skin.TitledPaneSkin$1[0]/VBox[4]/SplitPane#designerSplitPane[0]/Content[0]/VBox#palettePanel[2]/ScrollPane[0]/javafx.scene.control.skin.ScrollPaneSkin$5[0]/javafx.scene.control.skin.ScrollPaneSkin$6[0]/VBox#paletteItemsContainer[131]/HBox[1]/VBox[0]/Label	wrap: false -> true	El título o categoría de paleta admite varias líneas dentro de su columna.
process	1249	1249	theme-light.css Process Designer /StackPane#rootStackPane[0]/BorderPane#mainPane[1]/ResponsiveWorkspaceSplitPane#workspaceSplitPane[1]/Content[0]/VBox#mainContentArea[5]/ScrollPane#mainScrollPane[0]/javafx.scene.control.skin.ScrollPaneSkin$5[0]/javafx.scene.control.skin.ScrollPaneSkin$6[0]/VBox#contentContainer[18]/ModuleHost#processDesignerContainer[0]/TitledPane#processDesignerRoot[0]/javafx.scene.control.skin.TitledPaneSkin$1[0]/VBox[4]/SplitPane#designerSplitPane[0]/Content[0]/VBox#palettePanel[2]/ScrollPane[0]/javafx.scene.control.skin.ScrollPaneSkin$5[0]/javafx.scene.control.skin.ScrollPaneSkin$6[0]/VBox#paletteItemsContainer[132]/HBox[0]/Label	minW: -1.0 -> 18.0	Reserva 18 px para el icono de paleta, sin cambiar su fuente.
process	1252	1252	theme-light.css Process Designer /StackPane#rootStackPane[0]/BorderPane#mainPane[1]/ResponsiveWorkspaceSplitPane#workspaceSplitPane[1]/Content[0]/VBox#mainContentArea[5]/ScrollPane#mainScrollPane[0]/javafx.scene.control.skin.ScrollPaneSkin$5[0]/javafx.scene.control.skin.ScrollPaneSkin$6[0]/VBox#contentContainer[18]/ModuleHost#processDesignerContainer[0]/TitledPane#processDesignerRoot[0]/javafx.scene.control.skin.TitledPaneSkin$1[0]/VBox[4]/SplitPane#designerSplitPane[0]/Content[0]/VBox#palettePanel[2]/ScrollPane[0]/javafx.scene.control.skin.ScrollPaneSkin$5[0]/javafx.scene.control.skin.ScrollPaneSkin$6[0]/VBox#paletteItemsContainer[132]/HBox[1]/VBox[0]/Label	wrap: false -> true	El título o categoría de paleta admite varias líneas dentro de su columna.
process	1257	1257	theme-light.css Process Designer /StackPane#rootStackPane[0]/BorderPane#mainPane[1]/ResponsiveWorkspaceSplitPane#workspaceSplitPane[1]/Content[0]/VBox#mainContentArea[5]/ScrollPane#mainScrollPane[0]/javafx.scene.control.skin.ScrollPaneSkin$5[0]/javafx.scene.control.skin.ScrollPaneSkin$6[0]/VBox#contentContainer[18]/ModuleHost#processDesignerContainer[0]/TitledPane#processDesignerRoot[0]/javafx.scene.control.skin.TitledPaneSkin$1[0]/VBox[4]/SplitPane#designerSplitPane[0]/Content[0]/VBox#palettePanel[2]/ScrollPane[0]/javafx.scene.control.skin.ScrollPaneSkin$5[0]/javafx.scene.control.skin.ScrollPaneSkin$6[0]/VBox#paletteItemsContainer[133]/HBox[0]/Label	minW: -1.0 -> 18.0	Reserva 18 px para el icono de paleta, sin cambiar su fuente.
process	1260	1260	theme-light.css Process Designer /StackPane#rootStackPane[0]/BorderPane#mainPane[1]/ResponsiveWorkspaceSplitPane#workspaceSplitPane[1]/Content[0]/VBox#mainContentArea[5]/ScrollPane#mainScrollPane[0]/javafx.scene.control.skin.ScrollPaneSkin$5[0]/javafx.scene.control.skin.ScrollPaneSkin$6[0]/VBox#contentContainer[18]/ModuleHost#processDesignerContainer[0]/TitledPane#processDesignerRoot[0]/javafx.scene.control.skin.TitledPaneSkin$1[0]/VBox[4]/SplitPane#designerSplitPane[0]/Content[0]/VBox#palettePanel[2]/ScrollPane[0]/javafx.scene.control.skin.ScrollPaneSkin$5[0]/javafx.scene.control.skin.ScrollPaneSkin$6[0]/VBox#paletteItemsContainer[133]/HBox[1]/VBox[0]/Label	wrap: false -> true	El título o categoría de paleta admite varias líneas dentro de su columna.
process	1265	1265	theme-light.css Process Designer /StackPane#rootStackPane[0]/BorderPane#mainPane[1]/ResponsiveWorkspaceSplitPane#workspaceSplitPane[1]/Content[0]/VBox#mainContentArea[5]/ScrollPane#mainScrollPane[0]/javafx.scene.control.skin.ScrollPaneSkin$5[0]/javafx.scene.control.skin.ScrollPaneSkin$6[0]/VBox#contentContainer[18]/ModuleHost#processDesignerContainer[0]/TitledPane#processDesignerRoot[0]/javafx.scene.control.skin.TitledPaneSkin$1[0]/VBox[4]/SplitPane#designerSplitPane[0]/Content[0]/VBox#palettePanel[2]/ScrollPane[0]/javafx.scene.control.skin.ScrollPaneSkin$5[0]/javafx.scene.control.skin.ScrollPaneSkin$6[0]/VBox#paletteItemsContainer[134]/HBox[0]/Label	minW: -1.0 -> 18.0	Reserva 18 px para el icono de paleta, sin cambiar su fuente.
process	1268	1268	theme-light.css Process Designer /StackPane#rootStackPane[0]/BorderPane#mainPane[1]/ResponsiveWorkspaceSplitPane#workspaceSplitPane[1]/Content[0]/VBox#mainContentArea[5]/ScrollPane#mainScrollPane[0]/javafx.scene.control.skin.ScrollPaneSkin$5[0]/javafx.scene.control.skin.ScrollPaneSkin$6[0]/VBox#contentContainer[18]/ModuleHost#processDesignerContainer[0]/TitledPane#processDesignerRoot[0]/javafx.scene.control.skin.TitledPaneSkin$1[0]/VBox[4]/SplitPane#designerSplitPane[0]/Content[0]/VBox#palettePanel[2]/ScrollPane[0]/javafx.scene.control.skin.ScrollPaneSkin$5[0]/javafx.scene.control.skin.ScrollPaneSkin$6[0]/VBox#paletteItemsContainer[134]/HBox[1]/VBox[0]/Label	wrap: false -> true	El título o categoría de paleta admite varias líneas dentro de su columna.
process	1273	1273	theme-light.css Process Designer /StackPane#rootStackPane[0]/BorderPane#mainPane[1]/ResponsiveWorkspaceSplitPane#workspaceSplitPane[1]/Content[0]/VBox#mainContentArea[5]/ScrollPane#mainScrollPane[0]/javafx.scene.control.skin.ScrollPaneSkin$5[0]/javafx.scene.control.skin.ScrollPaneSkin$6[0]/VBox#contentContainer[18]/ModuleHost#processDesignerContainer[0]/TitledPane#processDesignerRoot[0]/javafx.scene.control.skin.TitledPaneSkin$1[0]/VBox[4]/SplitPane#designerSplitPane[0]/Content[0]/VBox#palettePanel[2]/ScrollPane[0]/javafx.scene.control.skin.ScrollPaneSkin$5[0]/javafx.scene.control.skin.ScrollPaneSkin$6[0]/VBox#paletteItemsContainer[135]/HBox[0]/Label	minW: -1.0 -> 18.0	Reserva 18 px para el icono de paleta, sin cambiar su fuente.
process	1276	1276	theme-light.css Process Designer /StackPane#rootStackPane[0]/BorderPane#mainPane[1]/ResponsiveWorkspaceSplitPane#workspaceSplitPane[1]/Content[0]/VBox#mainContentArea[5]/ScrollPane#mainScrollPane[0]/javafx.scene.control.skin.ScrollPaneSkin$5[0]/javafx.scene.control.skin.ScrollPaneSkin$6[0]/VBox#contentContainer[18]/ModuleHost#processDesignerContainer[0]/TitledPane#processDesignerRoot[0]/javafx.scene.control.skin.TitledPaneSkin$1[0]/VBox[4]/SplitPane#designerSplitPane[0]/Content[0]/VBox#palettePanel[2]/ScrollPane[0]/javafx.scene.control.skin.ScrollPaneSkin$5[0]/javafx.scene.control.skin.ScrollPaneSkin$6[0]/VBox#paletteItemsContainer[135]/HBox[1]/VBox[0]/Label	wrap: false -> true	El título o categoría de paleta admite varias líneas dentro de su columna.
process	1281	1281	theme-light.css Process Designer /StackPane#rootStackPane[0]/BorderPane#mainPane[1]/ResponsiveWorkspaceSplitPane#workspaceSplitPane[1]/Content[0]/VBox#mainContentArea[5]/ScrollPane#mainScrollPane[0]/javafx.scene.control.skin.ScrollPaneSkin$5[0]/javafx.scene.control.skin.ScrollPaneSkin$6[0]/VBox#contentContainer[18]/ModuleHost#processDesignerContainer[0]/TitledPane#processDesignerRoot[0]/javafx.scene.control.skin.TitledPaneSkin$1[0]/VBox[4]/SplitPane#designerSplitPane[0]/Content[0]/VBox#palettePanel[2]/ScrollPane[0]/javafx.scene.control.skin.ScrollPaneSkin$5[0]/javafx.scene.control.skin.ScrollPaneSkin$6[0]/VBox#paletteItemsContainer[136]/HBox[0]/Label	minW: -1.0 -> 18.0	Reserva 18 px para el icono de paleta, sin cambiar su fuente.
process	1284	1284	theme-light.css Process Designer /StackPane#rootStackPane[0]/BorderPane#mainPane[1]/ResponsiveWorkspaceSplitPane#workspaceSplitPane[1]/Content[0]/VBox#mainContentArea[5]/ScrollPane#mainScrollPane[0]/javafx.scene.control.skin.ScrollPaneSkin$5[0]/javafx.scene.control.skin.ScrollPaneSkin$6[0]/VBox#contentContainer[18]/ModuleHost#processDesignerContainer[0]/TitledPane#processDesignerRoot[0]/javafx.scene.control.skin.TitledPaneSkin$1[0]/VBox[4]/SplitPane#designerSplitPane[0]/Content[0]/VBox#palettePanel[2]/ScrollPane[0]/javafx.scene.control.skin.ScrollPaneSkin$5[0]/javafx.scene.control.skin.ScrollPaneSkin$6[0]/VBox#paletteItemsContainer[136]/HBox[1]/VBox[0]/Label	wrap: false -> true	El título o categoría de paleta admite varias líneas dentro de su columna.
process	1289	1289	theme-light.css Process Designer /StackPane#rootStackPane[0]/BorderPane#mainPane[1]/ResponsiveWorkspaceSplitPane#workspaceSplitPane[1]/Content[0]/VBox#mainContentArea[5]/ScrollPane#mainScrollPane[0]/javafx.scene.control.skin.ScrollPaneSkin$5[0]/javafx.scene.control.skin.ScrollPaneSkin$6[0]/VBox#contentContainer[18]/ModuleHost#processDesignerContainer[0]/TitledPane#processDesignerRoot[0]/javafx.scene.control.skin.TitledPaneSkin$1[0]/VBox[4]/SplitPane#designerSplitPane[0]/Content[0]/VBox#palettePanel[2]/ScrollPane[0]/javafx.scene.control.skin.ScrollPaneSkin$5[0]/javafx.scene.control.skin.ScrollPaneSkin$6[0]/VBox#paletteItemsContainer[137]/HBox[0]/Label	minW: -1.0 -> 18.0	Reserva 18 px para el icono de paleta, sin cambiar su fuente.
process	1292	1292	theme-light.css Process Designer /StackPane#rootStackPane[0]/BorderPane#mainPane[1]/ResponsiveWorkspaceSplitPane#workspaceSplitPane[1]/Content[0]/VBox#mainContentArea[5]/ScrollPane#mainScrollPane[0]/javafx.scene.control.skin.ScrollPaneSkin$5[0]/javafx.scene.control.skin.ScrollPaneSkin$6[0]/VBox#contentContainer[18]/ModuleHost#processDesignerContainer[0]/TitledPane#processDesignerRoot[0]/javafx.scene.control.skin.TitledPaneSkin$1[0]/VBox[4]/SplitPane#designerSplitPane[0]/Content[0]/VBox#palettePanel[2]/ScrollPane[0]/javafx.scene.control.skin.ScrollPaneSkin$5[0]/javafx.scene.control.skin.ScrollPaneSkin$6[0]/VBox#paletteItemsContainer[137]/HBox[1]/VBox[0]/Label	wrap: false -> true	El título o categoría de paleta admite varias líneas dentro de su columna.
process	1297	1297	theme-light.css Process Designer /StackPane#rootStackPane[0]/BorderPane#mainPane[1]/ResponsiveWorkspaceSplitPane#workspaceSplitPane[1]/Content[0]/VBox#mainContentArea[5]/ScrollPane#mainScrollPane[0]/javafx.scene.control.skin.ScrollPaneSkin$5[0]/javafx.scene.control.skin.ScrollPaneSkin$6[0]/VBox#contentContainer[18]/ModuleHost#processDesignerContainer[0]/TitledPane#processDesignerRoot[0]/javafx.scene.control.skin.TitledPaneSkin$1[0]/VBox[4]/SplitPane#designerSplitPane[0]/Content[0]/VBox#palettePanel[2]/ScrollPane[0]/javafx.scene.control.skin.ScrollPaneSkin$5[0]/javafx.scene.control.skin.ScrollPaneSkin$6[0]/VBox#paletteItemsContainer[138]/HBox[0]/Label	minW: -1.0 -> 18.0	Reserva 18 px para el icono de paleta, sin cambiar su fuente.
process	1300	1300	theme-light.css Process Designer /StackPane#rootStackPane[0]/BorderPane#mainPane[1]/ResponsiveWorkspaceSplitPane#workspaceSplitPane[1]/Content[0]/VBox#mainContentArea[5]/ScrollPane#mainScrollPane[0]/javafx.scene.control.skin.ScrollPaneSkin$5[0]/javafx.scene.control.skin.ScrollPaneSkin$6[0]/VBox#contentContainer[18]/ModuleHost#processDesignerContainer[0]/TitledPane#processDesignerRoot[0]/javafx.scene.control.skin.TitledPaneSkin$1[0]/VBox[4]/SplitPane#designerSplitPane[0]/Content[0]/VBox#palettePanel[2]/ScrollPane[0]/javafx.scene.control.skin.ScrollPaneSkin$5[0]/javafx.scene.control.skin.ScrollPaneSkin$6[0]/VBox#paletteItemsContainer[138]/HBox[1]/VBox[0]/Label	wrap: false -> true	El título o categoría de paleta admite varias líneas dentro de su columna.
process	1305	1305	theme-light.css Process Designer /StackPane#rootStackPane[0]/BorderPane#mainPane[1]/ResponsiveWorkspaceSplitPane#workspaceSplitPane[1]/Content[0]/VBox#mainContentArea[5]/ScrollPane#mainScrollPane[0]/javafx.scene.control.skin.ScrollPaneSkin$5[0]/javafx.scene.control.skin.ScrollPaneSkin$6[0]/VBox#contentContainer[18]/ModuleHost#processDesignerContainer[0]/TitledPane#processDesignerRoot[0]/javafx.scene.control.skin.TitledPaneSkin$1[0]/VBox[4]/SplitPane#designerSplitPane[0]/Content[0]/VBox#palettePanel[2]/ScrollPane[0]/javafx.scene.control.skin.ScrollPaneSkin$5[0]/javafx.scene.control.skin.ScrollPaneSkin$6[0]/VBox#paletteItemsContainer[139]/HBox[0]/Label	minW: -1.0 -> 18.0	Reserva 18 px para el icono de paleta, sin cambiar su fuente.
process	1308	1308	theme-light.css Process Designer /StackPane#rootStackPane[0]/BorderPane#mainPane[1]/ResponsiveWorkspaceSplitPane#workspaceSplitPane[1]/Content[0]/VBox#mainContentArea[5]/ScrollPane#mainScrollPane[0]/javafx.scene.control.skin.ScrollPaneSkin$5[0]/javafx.scene.control.skin.ScrollPaneSkin$6[0]/VBox#contentContainer[18]/ModuleHost#processDesignerContainer[0]/TitledPane#processDesignerRoot[0]/javafx.scene.control.skin.TitledPaneSkin$1[0]/VBox[4]/SplitPane#designerSplitPane[0]/Content[0]/VBox#palettePanel[2]/ScrollPane[0]/javafx.scene.control.skin.ScrollPaneSkin$5[0]/javafx.scene.control.skin.ScrollPaneSkin$6[0]/VBox#paletteItemsContainer[139]/HBox[1]/VBox[0]/Label	wrap: false -> true	El título o categoría de paleta admite varias líneas dentro de su columna.
process	327	327	theme-light.css Process Designer /StackPane#rootStackPane[0]/BorderPane#mainPane[1]/ResponsiveWorkspaceSplitPane#workspaceSplitPane[1]/Content[0]/VBox#mainContentArea[5]/ScrollPane#mainScrollPane[0]/javafx.scene.control.skin.ScrollPaneSkin$5[0]/javafx.scene.control.skin.ScrollPaneSkin$6[0]/VBox#contentContainer[18]/ModuleHost#processDesignerContainer[0]/TitledPane#processDesignerRoot[0]/javafx.scene.control.skin.TitledPaneSkin$1[0]/VBox[4]/SplitPane#designerSplitPane[0]/Content[0]/VBox#palettePanel[2]/ScrollPane[0]/javafx.scene.control.skin.ScrollPaneSkin$5[0]/javafx.scene.control.skin.ScrollPaneSkin$6[0]/VBox#paletteItemsContainer[13]/HBox[0]/Label	minW: -1.0 -> 18.0	Reserva 18 px para el icono de paleta, sin cambiar su fuente.
process	330	330	theme-light.css Process Designer /StackPane#rootStackPane[0]/BorderPane#mainPane[1]/ResponsiveWorkspaceSplitPane#workspaceSplitPane[1]/Content[0]/VBox#mainContentArea[5]/ScrollPane#mainScrollPane[0]/javafx.scene.control.skin.ScrollPaneSkin$5[0]/javafx.scene.control.skin.ScrollPaneSkin$6[0]/VBox#contentContainer[18]/ModuleHost#processDesignerContainer[0]/TitledPane#processDesignerRoot[0]/javafx.scene.control.skin.TitledPaneSkin$1[0]/VBox[4]/SplitPane#designerSplitPane[0]/Content[0]/VBox#palettePanel[2]/ScrollPane[0]/javafx.scene.control.skin.ScrollPaneSkin$5[0]/javafx.scene.control.skin.ScrollPaneSkin$6[0]/VBox#paletteItemsContainer[13]/HBox[1]/VBox[0]/Label	wrap: false -> true	El título o categoría de paleta admite varias líneas dentro de su columna.
process	1313	1313	theme-light.css Process Designer /StackPane#rootStackPane[0]/BorderPane#mainPane[1]/ResponsiveWorkspaceSplitPane#workspaceSplitPane[1]/Content[0]/VBox#mainContentArea[5]/ScrollPane#mainScrollPane[0]/javafx.scene.control.skin.ScrollPaneSkin$5[0]/javafx.scene.control.skin.ScrollPaneSkin$6[0]/VBox#contentContainer[18]/ModuleHost#processDesignerContainer[0]/TitledPane#processDesignerRoot[0]/javafx.scene.control.skin.TitledPaneSkin$1[0]/VBox[4]/SplitPane#designerSplitPane[0]/Content[0]/VBox#palettePanel[2]/ScrollPane[0]/javafx.scene.control.skin.ScrollPaneSkin$5[0]/javafx.scene.control.skin.ScrollPaneSkin$6[0]/VBox#paletteItemsContainer[140]/HBox[0]/Label	minW: -1.0 -> 18.0	Reserva 18 px para el icono de paleta, sin cambiar su fuente.
process	1316	1316	theme-light.css Process Designer /StackPane#rootStackPane[0]/BorderPane#mainPane[1]/ResponsiveWorkspaceSplitPane#workspaceSplitPane[1]/Content[0]/VBox#mainContentArea[5]/ScrollPane#mainScrollPane[0]/javafx.scene.control.skin.ScrollPaneSkin$5[0]/javafx.scene.control.skin.ScrollPaneSkin$6[0]/VBox#contentContainer[18]/ModuleHost#processDesignerContainer[0]/TitledPane#processDesignerRoot[0]/javafx.scene.control.skin.TitledPaneSkin$1[0]/VBox[4]/SplitPane#designerSplitPane[0]/Content[0]/VBox#palettePanel[2]/ScrollPane[0]/javafx.scene.control.skin.ScrollPaneSkin$5[0]/javafx.scene.control.skin.ScrollPaneSkin$6[0]/VBox#paletteItemsContainer[140]/HBox[1]/VBox[0]/Label	wrap: false -> true	El título o categoría de paleta admite varias líneas dentro de su columna.
process	1321	1321	theme-light.css Process Designer /StackPane#rootStackPane[0]/BorderPane#mainPane[1]/ResponsiveWorkspaceSplitPane#workspaceSplitPane[1]/Content[0]/VBox#mainContentArea[5]/ScrollPane#mainScrollPane[0]/javafx.scene.control.skin.ScrollPaneSkin$5[0]/javafx.scene.control.skin.ScrollPaneSkin$6[0]/VBox#contentContainer[18]/ModuleHost#processDesignerContainer[0]/TitledPane#processDesignerRoot[0]/javafx.scene.control.skin.TitledPaneSkin$1[0]/VBox[4]/SplitPane#designerSplitPane[0]/Content[0]/VBox#palettePanel[2]/ScrollPane[0]/javafx.scene.control.skin.ScrollPaneSkin$5[0]/javafx.scene.control.skin.ScrollPaneSkin$6[0]/VBox#paletteItemsContainer[141]/HBox[0]/Label	minW: -1.0 -> 18.0	Reserva 18 px para el icono de paleta, sin cambiar su fuente.
process	1324	1324	theme-light.css Process Designer /StackPane#rootStackPane[0]/BorderPane#mainPane[1]/ResponsiveWorkspaceSplitPane#workspaceSplitPane[1]/Content[0]/VBox#mainContentArea[5]/ScrollPane#mainScrollPane[0]/javafx.scene.control.skin.ScrollPaneSkin$5[0]/javafx.scene.control.skin.ScrollPaneSkin$6[0]/VBox#contentContainer[18]/ModuleHost#processDesignerContainer[0]/TitledPane#processDesignerRoot[0]/javafx.scene.control.skin.TitledPaneSkin$1[0]/VBox[4]/SplitPane#designerSplitPane[0]/Content[0]/VBox#palettePanel[2]/ScrollPane[0]/javafx.scene.control.skin.ScrollPaneSkin$5[0]/javafx.scene.control.skin.ScrollPaneSkin$6[0]/VBox#paletteItemsContainer[141]/HBox[1]/VBox[0]/Label	wrap: false -> true	El título o categoría de paleta admite varias líneas dentro de su columna.
process	1329	1329	theme-light.css Process Designer /StackPane#rootStackPane[0]/BorderPane#mainPane[1]/ResponsiveWorkspaceSplitPane#workspaceSplitPane[1]/Content[0]/VBox#mainContentArea[5]/ScrollPane#mainScrollPane[0]/javafx.scene.control.skin.ScrollPaneSkin$5[0]/javafx.scene.control.skin.ScrollPaneSkin$6[0]/VBox#contentContainer[18]/ModuleHost#processDesignerContainer[0]/TitledPane#processDesignerRoot[0]/javafx.scene.control.skin.TitledPaneSkin$1[0]/VBox[4]/SplitPane#designerSplitPane[0]/Content[0]/VBox#palettePanel[2]/ScrollPane[0]/javafx.scene.control.skin.ScrollPaneSkin$5[0]/javafx.scene.control.skin.ScrollPaneSkin$6[0]/VBox#paletteItemsContainer[142]/HBox[0]/Label	minW: -1.0 -> 18.0	Reserva 18 px para el icono de paleta, sin cambiar su fuente.
process	1332	1332	theme-light.css Process Designer /StackPane#rootStackPane[0]/BorderPane#mainPane[1]/ResponsiveWorkspaceSplitPane#workspaceSplitPane[1]/Content[0]/VBox#mainContentArea[5]/ScrollPane#mainScrollPane[0]/javafx.scene.control.skin.ScrollPaneSkin$5[0]/javafx.scene.control.skin.ScrollPaneSkin$6[0]/VBox#contentContainer[18]/ModuleHost#processDesignerContainer[0]/TitledPane#processDesignerRoot[0]/javafx.scene.control.skin.TitledPaneSkin$1[0]/VBox[4]/SplitPane#designerSplitPane[0]/Content[0]/VBox#palettePanel[2]/ScrollPane[0]/javafx.scene.control.skin.ScrollPaneSkin$5[0]/javafx.scene.control.skin.ScrollPaneSkin$6[0]/VBox#paletteItemsContainer[142]/HBox[1]/VBox[0]/Label	wrap: false -> true	El título o categoría de paleta admite varias líneas dentro de su columna.
process	1337	1337	theme-light.css Process Designer /StackPane#rootStackPane[0]/BorderPane#mainPane[1]/ResponsiveWorkspaceSplitPane#workspaceSplitPane[1]/Content[0]/VBox#mainContentArea[5]/ScrollPane#mainScrollPane[0]/javafx.scene.control.skin.ScrollPaneSkin$5[0]/javafx.scene.control.skin.ScrollPaneSkin$6[0]/VBox#contentContainer[18]/ModuleHost#processDesignerContainer[0]/TitledPane#processDesignerRoot[0]/javafx.scene.control.skin.TitledPaneSkin$1[0]/VBox[4]/SplitPane#designerSplitPane[0]/Content[0]/VBox#palettePanel[2]/ScrollPane[0]/javafx.scene.control.skin.ScrollPaneSkin$5[0]/javafx.scene.control.skin.ScrollPaneSkin$6[0]/VBox#paletteItemsContainer[143]/HBox[0]/Label	minW: -1.0 -> 18.0	Reserva 18 px para el icono de paleta, sin cambiar su fuente.
process	1340	1340	theme-light.css Process Designer /StackPane#rootStackPane[0]/BorderPane#mainPane[1]/ResponsiveWorkspaceSplitPane#workspaceSplitPane[1]/Content[0]/VBox#mainContentArea[5]/ScrollPane#mainScrollPane[0]/javafx.scene.control.skin.ScrollPaneSkin$5[0]/javafx.scene.control.skin.ScrollPaneSkin$6[0]/VBox#contentContainer[18]/ModuleHost#processDesignerContainer[0]/TitledPane#processDesignerRoot[0]/javafx.scene.control.skin.TitledPaneSkin$1[0]/VBox[4]/SplitPane#designerSplitPane[0]/Content[0]/VBox#palettePanel[2]/ScrollPane[0]/javafx.scene.control.skin.ScrollPaneSkin$5[0]/javafx.scene.control.skin.ScrollPaneSkin$6[0]/VBox#paletteItemsContainer[143]/HBox[1]/VBox[0]/Label	wrap: false -> true	El título o categoría de paleta admite varias líneas dentro de su columna.
process	1345	1345	theme-light.css Process Designer /StackPane#rootStackPane[0]/BorderPane#mainPane[1]/ResponsiveWorkspaceSplitPane#workspaceSplitPane[1]/Content[0]/VBox#mainContentArea[5]/ScrollPane#mainScrollPane[0]/javafx.scene.control.skin.ScrollPaneSkin$5[0]/javafx.scene.control.skin.ScrollPaneSkin$6[0]/VBox#contentContainer[18]/ModuleHost#processDesignerContainer[0]/TitledPane#processDesignerRoot[0]/javafx.scene.control.skin.TitledPaneSkin$1[0]/VBox[4]/SplitPane#designerSplitPane[0]/Content[0]/VBox#palettePanel[2]/ScrollPane[0]/javafx.scene.control.skin.ScrollPaneSkin$5[0]/javafx.scene.control.skin.ScrollPaneSkin$6[0]/VBox#paletteItemsContainer[144]/HBox[0]/Label	minW: -1.0 -> 18.0	Reserva 18 px para el icono de paleta, sin cambiar su fuente.
process	1348	1348	theme-light.css Process Designer /StackPane#rootStackPane[0]/BorderPane#mainPane[1]/ResponsiveWorkspaceSplitPane#workspaceSplitPane[1]/Content[0]/VBox#mainContentArea[5]/ScrollPane#mainScrollPane[0]/javafx.scene.control.skin.ScrollPaneSkin$5[0]/javafx.scene.control.skin.ScrollPaneSkin$6[0]/VBox#contentContainer[18]/ModuleHost#processDesignerContainer[0]/TitledPane#processDesignerRoot[0]/javafx.scene.control.skin.TitledPaneSkin$1[0]/VBox[4]/SplitPane#designerSplitPane[0]/Content[0]/VBox#palettePanel[2]/ScrollPane[0]/javafx.scene.control.skin.ScrollPaneSkin$5[0]/javafx.scene.control.skin.ScrollPaneSkin$6[0]/VBox#paletteItemsContainer[144]/HBox[1]/VBox[0]/Label	wrap: false -> true	El título o categoría de paleta admite varias líneas dentro de su columna.
process	1353	1353	theme-light.css Process Designer /StackPane#rootStackPane[0]/BorderPane#mainPane[1]/ResponsiveWorkspaceSplitPane#workspaceSplitPane[1]/Content[0]/VBox#mainContentArea[5]/ScrollPane#mainScrollPane[0]/javafx.scene.control.skin.ScrollPaneSkin$5[0]/javafx.scene.control.skin.ScrollPaneSkin$6[0]/VBox#contentContainer[18]/ModuleHost#processDesignerContainer[0]/TitledPane#processDesignerRoot[0]/javafx.scene.control.skin.TitledPaneSkin$1[0]/VBox[4]/SplitPane#designerSplitPane[0]/Content[0]/VBox#palettePanel[2]/ScrollPane[0]/javafx.scene.control.skin.ScrollPaneSkin$5[0]/javafx.scene.control.skin.ScrollPaneSkin$6[0]/VBox#paletteItemsContainer[145]/HBox[0]/Label	minW: -1.0 -> 18.0	Reserva 18 px para el icono de paleta, sin cambiar su fuente.
process	1356	1356	theme-light.css Process Designer /StackPane#rootStackPane[0]/BorderPane#mainPane[1]/ResponsiveWorkspaceSplitPane#workspaceSplitPane[1]/Content[0]/VBox#mainContentArea[5]/ScrollPane#mainScrollPane[0]/javafx.scene.control.skin.ScrollPaneSkin$5[0]/javafx.scene.control.skin.ScrollPaneSkin$6[0]/VBox#contentContainer[18]/ModuleHost#processDesignerContainer[0]/TitledPane#processDesignerRoot[0]/javafx.scene.control.skin.TitledPaneSkin$1[0]/VBox[4]/SplitPane#designerSplitPane[0]/Content[0]/VBox#palettePanel[2]/ScrollPane[0]/javafx.scene.control.skin.ScrollPaneSkin$5[0]/javafx.scene.control.skin.ScrollPaneSkin$6[0]/VBox#paletteItemsContainer[145]/HBox[1]/VBox[0]/Label	wrap: false -> true	El título o categoría de paleta admite varias líneas dentro de su columna.
process	1361	1361	theme-light.css Process Designer /StackPane#rootStackPane[0]/BorderPane#mainPane[1]/ResponsiveWorkspaceSplitPane#workspaceSplitPane[1]/Content[0]/VBox#mainContentArea[5]/ScrollPane#mainScrollPane[0]/javafx.scene.control.skin.ScrollPaneSkin$5[0]/javafx.scene.control.skin.ScrollPaneSkin$6[0]/VBox#contentContainer[18]/ModuleHost#processDesignerContainer[0]/TitledPane#processDesignerRoot[0]/javafx.scene.control.skin.TitledPaneSkin$1[0]/VBox[4]/SplitPane#designerSplitPane[0]/Content[0]/VBox#palettePanel[2]/ScrollPane[0]/javafx.scene.control.skin.ScrollPaneSkin$5[0]/javafx.scene.control.skin.ScrollPaneSkin$6[0]/VBox#paletteItemsContainer[146]/HBox[0]/Label	minW: -1.0 -> 18.0	Reserva 18 px para el icono de paleta, sin cambiar su fuente.
process	1364	1364	theme-light.css Process Designer /StackPane#rootStackPane[0]/BorderPane#mainPane[1]/ResponsiveWorkspaceSplitPane#workspaceSplitPane[1]/Content[0]/VBox#mainContentArea[5]/ScrollPane#mainScrollPane[0]/javafx.scene.control.skin.ScrollPaneSkin$5[0]/javafx.scene.control.skin.ScrollPaneSkin$6[0]/VBox#contentContainer[18]/ModuleHost#processDesignerContainer[0]/TitledPane#processDesignerRoot[0]/javafx.scene.control.skin.TitledPaneSkin$1[0]/VBox[4]/SplitPane#designerSplitPane[0]/Content[0]/VBox#palettePanel[2]/ScrollPane[0]/javafx.scene.control.skin.ScrollPaneSkin$5[0]/javafx.scene.control.skin.ScrollPaneSkin$6[0]/VBox#paletteItemsContainer[146]/HBox[1]/VBox[0]/Label	wrap: false -> true	El título o categoría de paleta admite varias líneas dentro de su columna.
process	1369	1369	theme-light.css Process Designer /StackPane#rootStackPane[0]/BorderPane#mainPane[1]/ResponsiveWorkspaceSplitPane#workspaceSplitPane[1]/Content[0]/VBox#mainContentArea[5]/ScrollPane#mainScrollPane[0]/javafx.scene.control.skin.ScrollPaneSkin$5[0]/javafx.scene.control.skin.ScrollPaneSkin$6[0]/VBox#contentContainer[18]/ModuleHost#processDesignerContainer[0]/TitledPane#processDesignerRoot[0]/javafx.scene.control.skin.TitledPaneSkin$1[0]/VBox[4]/SplitPane#designerSplitPane[0]/Content[0]/VBox#palettePanel[2]/ScrollPane[0]/javafx.scene.control.skin.ScrollPaneSkin$5[0]/javafx.scene.control.skin.ScrollPaneSkin$6[0]/VBox#paletteItemsContainer[147]/HBox[0]/Label	minW: -1.0 -> 18.0	Reserva 18 px para el icono de paleta, sin cambiar su fuente.
process	1372	1372	theme-light.css Process Designer /StackPane#rootStackPane[0]/BorderPane#mainPane[1]/ResponsiveWorkspaceSplitPane#workspaceSplitPane[1]/Content[0]/VBox#mainContentArea[5]/ScrollPane#mainScrollPane[0]/javafx.scene.control.skin.ScrollPaneSkin$5[0]/javafx.scene.control.skin.ScrollPaneSkin$6[0]/VBox#contentContainer[18]/ModuleHost#processDesignerContainer[0]/TitledPane#processDesignerRoot[0]/javafx.scene.control.skin.TitledPaneSkin$1[0]/VBox[4]/SplitPane#designerSplitPane[0]/Content[0]/VBox#palettePanel[2]/ScrollPane[0]/javafx.scene.control.skin.ScrollPaneSkin$5[0]/javafx.scene.control.skin.ScrollPaneSkin$6[0]/VBox#paletteItemsContainer[147]/HBox[1]/VBox[0]/Label	wrap: false -> true	El título o categoría de paleta admite varias líneas dentro de su columna.
process	1377	1377	theme-light.css Process Designer /StackPane#rootStackPane[0]/BorderPane#mainPane[1]/ResponsiveWorkspaceSplitPane#workspaceSplitPane[1]/Content[0]/VBox#mainContentArea[5]/ScrollPane#mainScrollPane[0]/javafx.scene.control.skin.ScrollPaneSkin$5[0]/javafx.scene.control.skin.ScrollPaneSkin$6[0]/VBox#contentContainer[18]/ModuleHost#processDesignerContainer[0]/TitledPane#processDesignerRoot[0]/javafx.scene.control.skin.TitledPaneSkin$1[0]/VBox[4]/SplitPane#designerSplitPane[0]/Content[0]/VBox#palettePanel[2]/ScrollPane[0]/javafx.scene.control.skin.ScrollPaneSkin$5[0]/javafx.scene.control.skin.ScrollPaneSkin$6[0]/VBox#paletteItemsContainer[148]/HBox[0]/Label	minW: -1.0 -> 18.0	Reserva 18 px para el icono de paleta, sin cambiar su fuente.
process	1380	1380	theme-light.css Process Designer /StackPane#rootStackPane[0]/BorderPane#mainPane[1]/ResponsiveWorkspaceSplitPane#workspaceSplitPane[1]/Content[0]/VBox#mainContentArea[5]/ScrollPane#mainScrollPane[0]/javafx.scene.control.skin.ScrollPaneSkin$5[0]/javafx.scene.control.skin.ScrollPaneSkin$6[0]/VBox#contentContainer[18]/ModuleHost#processDesignerContainer[0]/TitledPane#processDesignerRoot[0]/javafx.scene.control.skin.TitledPaneSkin$1[0]/VBox[4]/SplitPane#designerSplitPane[0]/Content[0]/VBox#palettePanel[2]/ScrollPane[0]/javafx.scene.control.skin.ScrollPaneSkin$5[0]/javafx.scene.control.skin.ScrollPaneSkin$6[0]/VBox#paletteItemsContainer[148]/HBox[1]/VBox[0]/Label	wrap: false -> true	El título o categoría de paleta admite varias líneas dentro de su columna.
process	1385	1385	theme-light.css Process Designer /StackPane#rootStackPane[0]/BorderPane#mainPane[1]/ResponsiveWorkspaceSplitPane#workspaceSplitPane[1]/Content[0]/VBox#mainContentArea[5]/ScrollPane#mainScrollPane[0]/javafx.scene.control.skin.ScrollPaneSkin$5[0]/javafx.scene.control.skin.ScrollPaneSkin$6[0]/VBox#contentContainer[18]/ModuleHost#processDesignerContainer[0]/TitledPane#processDesignerRoot[0]/javafx.scene.control.skin.TitledPaneSkin$1[0]/VBox[4]/SplitPane#designerSplitPane[0]/Content[0]/VBox#palettePanel[2]/ScrollPane[0]/javafx.scene.control.skin.ScrollPaneSkin$5[0]/javafx.scene.control.skin.ScrollPaneSkin$6[0]/VBox#paletteItemsContainer[149]/HBox[0]/Label	minW: -1.0 -> 18.0	Reserva 18 px para el icono de paleta, sin cambiar su fuente.
process	1388	1388	theme-light.css Process Designer /StackPane#rootStackPane[0]/BorderPane#mainPane[1]/ResponsiveWorkspaceSplitPane#workspaceSplitPane[1]/Content[0]/VBox#mainContentArea[5]/ScrollPane#mainScrollPane[0]/javafx.scene.control.skin.ScrollPaneSkin$5[0]/javafx.scene.control.skin.ScrollPaneSkin$6[0]/VBox#contentContainer[18]/ModuleHost#processDesignerContainer[0]/TitledPane#processDesignerRoot[0]/javafx.scene.control.skin.TitledPaneSkin$1[0]/VBox[4]/SplitPane#designerSplitPane[0]/Content[0]/VBox#palettePanel[2]/ScrollPane[0]/javafx.scene.control.skin.ScrollPaneSkin$5[0]/javafx.scene.control.skin.ScrollPaneSkin$6[0]/VBox#paletteItemsContainer[149]/HBox[1]/VBox[0]/Label	wrap: false -> true	El título o categoría de paleta admite varias líneas dentro de su columna.
process	335	335	theme-light.css Process Designer /StackPane#rootStackPane[0]/BorderPane#mainPane[1]/ResponsiveWorkspaceSplitPane#workspaceSplitPane[1]/Content[0]/VBox#mainContentArea[5]/ScrollPane#mainScrollPane[0]/javafx.scene.control.skin.ScrollPaneSkin$5[0]/javafx.scene.control.skin.ScrollPaneSkin$6[0]/VBox#contentContainer[18]/ModuleHost#processDesignerContainer[0]/TitledPane#processDesignerRoot[0]/javafx.scene.control.skin.TitledPaneSkin$1[0]/VBox[4]/SplitPane#designerSplitPane[0]/Content[0]/VBox#palettePanel[2]/ScrollPane[0]/javafx.scene.control.skin.ScrollPaneSkin$5[0]/javafx.scene.control.skin.ScrollPaneSkin$6[0]/VBox#paletteItemsContainer[14]/HBox[0]/Label	minW: -1.0 -> 18.0	Reserva 18 px para el icono de paleta, sin cambiar su fuente.
process	338	338	theme-light.css Process Designer /StackPane#rootStackPane[0]/BorderPane#mainPane[1]/ResponsiveWorkspaceSplitPane#workspaceSplitPane[1]/Content[0]/VBox#mainContentArea[5]/ScrollPane#mainScrollPane[0]/javafx.scene.control.skin.ScrollPaneSkin$5[0]/javafx.scene.control.skin.ScrollPaneSkin$6[0]/VBox#contentContainer[18]/ModuleHost#processDesignerContainer[0]/TitledPane#processDesignerRoot[0]/javafx.scene.control.skin.TitledPaneSkin$1[0]/VBox[4]/SplitPane#designerSplitPane[0]/Content[0]/VBox#palettePanel[2]/ScrollPane[0]/javafx.scene.control.skin.ScrollPaneSkin$5[0]/javafx.scene.control.skin.ScrollPaneSkin$6[0]/VBox#paletteItemsContainer[14]/HBox[1]/VBox[0]/Label	wrap: false -> true	El título o categoría de paleta admite varias líneas dentro de su columna.
process	1392	1392	theme-light.css Process Designer /StackPane#rootStackPane[0]/BorderPane#mainPane[1]/ResponsiveWorkspaceSplitPane#workspaceSplitPane[1]/Content[0]/VBox#mainContentArea[5]/ScrollPane#mainScrollPane[0]/javafx.scene.control.skin.ScrollPaneSkin$5[0]/javafx.scene.control.skin.ScrollPaneSkin$6[0]/VBox#contentContainer[18]/ModuleHost#processDesignerContainer[0]/TitledPane#processDesignerRoot[0]/javafx.scene.control.skin.TitledPaneSkin$1[0]/VBox[4]/SplitPane#designerSplitPane[0]/Content[0]/VBox#palettePanel[2]/ScrollPane[0]/javafx.scene.control.skin.ScrollPaneSkin$5[0]/javafx.scene.control.skin.ScrollPaneSkin$6[0]/VBox#paletteItemsContainer[150]/Label	wrap: false -> true	El título o categoría de paleta admite varias líneas dentro de su columna.
process	1395	1395	theme-light.css Process Designer /StackPane#rootStackPane[0]/BorderPane#mainPane[1]/ResponsiveWorkspaceSplitPane#workspaceSplitPane[1]/Content[0]/VBox#mainContentArea[5]/ScrollPane#mainScrollPane[0]/javafx.scene.control.skin.ScrollPaneSkin$5[0]/javafx.scene.control.skin.ScrollPaneSkin$6[0]/VBox#contentContainer[18]/ModuleHost#processDesignerContainer[0]/TitledPane#processDesignerRoot[0]/javafx.scene.control.skin.TitledPaneSkin$1[0]/VBox[4]/SplitPane#designerSplitPane[0]/Content[0]/VBox#palettePanel[2]/ScrollPane[0]/javafx.scene.control.skin.ScrollPaneSkin$5[0]/javafx.scene.control.skin.ScrollPaneSkin$6[0]/VBox#paletteItemsContainer[151]/HBox[0]/Label	minW: -1.0 -> 18.0	Reserva 18 px para el icono de paleta, sin cambiar su fuente.
process	1398	1398	theme-light.css Process Designer /StackPane#rootStackPane[0]/BorderPane#mainPane[1]/ResponsiveWorkspaceSplitPane#workspaceSplitPane[1]/Content[0]/VBox#mainContentArea[5]/ScrollPane#mainScrollPane[0]/javafx.scene.control.skin.ScrollPaneSkin$5[0]/javafx.scene.control.skin.ScrollPaneSkin$6[0]/VBox#contentContainer[18]/ModuleHost#processDesignerContainer[0]/TitledPane#processDesignerRoot[0]/javafx.scene.control.skin.TitledPaneSkin$1[0]/VBox[4]/SplitPane#designerSplitPane[0]/Content[0]/VBox#palettePanel[2]/ScrollPane[0]/javafx.scene.control.skin.ScrollPaneSkin$5[0]/javafx.scene.control.skin.ScrollPaneSkin$6[0]/VBox#paletteItemsContainer[151]/HBox[1]/VBox[0]/Label	wrap: false -> true	El título o categoría de paleta admite varias líneas dentro de su columna.
process	1403	1403	theme-light.css Process Designer /StackPane#rootStackPane[0]/BorderPane#mainPane[1]/ResponsiveWorkspaceSplitPane#workspaceSplitPane[1]/Content[0]/VBox#mainContentArea[5]/ScrollPane#mainScrollPane[0]/javafx.scene.control.skin.ScrollPaneSkin$5[0]/javafx.scene.control.skin.ScrollPaneSkin$6[0]/VBox#contentContainer[18]/ModuleHost#processDesignerContainer[0]/TitledPane#processDesignerRoot[0]/javafx.scene.control.skin.TitledPaneSkin$1[0]/VBox[4]/SplitPane#designerSplitPane[0]/Content[0]/VBox#palettePanel[2]/ScrollPane[0]/javafx.scene.control.skin.ScrollPaneSkin$5[0]/javafx.scene.control.skin.ScrollPaneSkin$6[0]/VBox#paletteItemsContainer[152]/HBox[0]/Label	minW: -1.0 -> 18.0	Reserva 18 px para el icono de paleta, sin cambiar su fuente.
process	1406	1406	theme-light.css Process Designer /StackPane#rootStackPane[0]/BorderPane#mainPane[1]/ResponsiveWorkspaceSplitPane#workspaceSplitPane[1]/Content[0]/VBox#mainContentArea[5]/ScrollPane#mainScrollPane[0]/javafx.scene.control.skin.ScrollPaneSkin$5[0]/javafx.scene.control.skin.ScrollPaneSkin$6[0]/VBox#contentContainer[18]/ModuleHost#processDesignerContainer[0]/TitledPane#processDesignerRoot[0]/javafx.scene.control.skin.TitledPaneSkin$1[0]/VBox[4]/SplitPane#designerSplitPane[0]/Content[0]/VBox#palettePanel[2]/ScrollPane[0]/javafx.scene.control.skin.ScrollPaneSkin$5[0]/javafx.scene.control.skin.ScrollPaneSkin$6[0]/VBox#paletteItemsContainer[152]/HBox[1]/VBox[0]/Label	wrap: false -> true	El título o categoría de paleta admite varias líneas dentro de su columna.
process	1411	1411	theme-light.css Process Designer /StackPane#rootStackPane[0]/BorderPane#mainPane[1]/ResponsiveWorkspaceSplitPane#workspaceSplitPane[1]/Content[0]/VBox#mainContentArea[5]/ScrollPane#mainScrollPane[0]/javafx.scene.control.skin.ScrollPaneSkin$5[0]/javafx.scene.control.skin.ScrollPaneSkin$6[0]/VBox#contentContainer[18]/ModuleHost#processDesignerContainer[0]/TitledPane#processDesignerRoot[0]/javafx.scene.control.skin.TitledPaneSkin$1[0]/VBox[4]/SplitPane#designerSplitPane[0]/Content[0]/VBox#palettePanel[2]/ScrollPane[0]/javafx.scene.control.skin.ScrollPaneSkin$5[0]/javafx.scene.control.skin.ScrollPaneSkin$6[0]/VBox#paletteItemsContainer[153]/HBox[0]/Label	minW: -1.0 -> 18.0	Reserva 18 px para el icono de paleta, sin cambiar su fuente.
process	1414	1414	theme-light.css Process Designer /StackPane#rootStackPane[0]/BorderPane#mainPane[1]/ResponsiveWorkspaceSplitPane#workspaceSplitPane[1]/Content[0]/VBox#mainContentArea[5]/ScrollPane#mainScrollPane[0]/javafx.scene.control.skin.ScrollPaneSkin$5[0]/javafx.scene.control.skin.ScrollPaneSkin$6[0]/VBox#contentContainer[18]/ModuleHost#processDesignerContainer[0]/TitledPane#processDesignerRoot[0]/javafx.scene.control.skin.TitledPaneSkin$1[0]/VBox[4]/SplitPane#designerSplitPane[0]/Content[0]/VBox#palettePanel[2]/ScrollPane[0]/javafx.scene.control.skin.ScrollPaneSkin$5[0]/javafx.scene.control.skin.ScrollPaneSkin$6[0]/VBox#paletteItemsContainer[153]/HBox[1]/VBox[0]/Label	wrap: false -> true	El título o categoría de paleta admite varias líneas dentro de su columna.
process	1419	1419	theme-light.css Process Designer /StackPane#rootStackPane[0]/BorderPane#mainPane[1]/ResponsiveWorkspaceSplitPane#workspaceSplitPane[1]/Content[0]/VBox#mainContentArea[5]/ScrollPane#mainScrollPane[0]/javafx.scene.control.skin.ScrollPaneSkin$5[0]/javafx.scene.control.skin.ScrollPaneSkin$6[0]/VBox#contentContainer[18]/ModuleHost#processDesignerContainer[0]/TitledPane#processDesignerRoot[0]/javafx.scene.control.skin.TitledPaneSkin$1[0]/VBox[4]/SplitPane#designerSplitPane[0]/Content[0]/VBox#palettePanel[2]/ScrollPane[0]/javafx.scene.control.skin.ScrollPaneSkin$5[0]/javafx.scene.control.skin.ScrollPaneSkin$6[0]/VBox#paletteItemsContainer[154]/HBox[0]/Label	minW: -1.0 -> 18.0	Reserva 18 px para el icono de paleta, sin cambiar su fuente.
process	1422	1422	theme-light.css Process Designer /StackPane#rootStackPane[0]/BorderPane#mainPane[1]/ResponsiveWorkspaceSplitPane#workspaceSplitPane[1]/Content[0]/VBox#mainContentArea[5]/ScrollPane#mainScrollPane[0]/javafx.scene.control.skin.ScrollPaneSkin$5[0]/javafx.scene.control.skin.ScrollPaneSkin$6[0]/VBox#contentContainer[18]/ModuleHost#processDesignerContainer[0]/TitledPane#processDesignerRoot[0]/javafx.scene.control.skin.TitledPaneSkin$1[0]/VBox[4]/SplitPane#designerSplitPane[0]/Content[0]/VBox#palettePanel[2]/ScrollPane[0]/javafx.scene.control.skin.ScrollPaneSkin$5[0]/javafx.scene.control.skin.ScrollPaneSkin$6[0]/VBox#paletteItemsContainer[154]/HBox[1]/VBox[0]/Label	wrap: false -> true	El título o categoría de paleta admite varias líneas dentro de su columna.
process	1427	1427	theme-light.css Process Designer /StackPane#rootStackPane[0]/BorderPane#mainPane[1]/ResponsiveWorkspaceSplitPane#workspaceSplitPane[1]/Content[0]/VBox#mainContentArea[5]/ScrollPane#mainScrollPane[0]/javafx.scene.control.skin.ScrollPaneSkin$5[0]/javafx.scene.control.skin.ScrollPaneSkin$6[0]/VBox#contentContainer[18]/ModuleHost#processDesignerContainer[0]/TitledPane#processDesignerRoot[0]/javafx.scene.control.skin.TitledPaneSkin$1[0]/VBox[4]/SplitPane#designerSplitPane[0]/Content[0]/VBox#palettePanel[2]/ScrollPane[0]/javafx.scene.control.skin.ScrollPaneSkin$5[0]/javafx.scene.control.skin.ScrollPaneSkin$6[0]/VBox#paletteItemsContainer[155]/HBox[0]/Label	minW: -1.0 -> 18.0	Reserva 18 px para el icono de paleta, sin cambiar su fuente.
process	1430	1430	theme-light.css Process Designer /StackPane#rootStackPane[0]/BorderPane#mainPane[1]/ResponsiveWorkspaceSplitPane#workspaceSplitPane[1]/Content[0]/VBox#mainContentArea[5]/ScrollPane#mainScrollPane[0]/javafx.scene.control.skin.ScrollPaneSkin$5[0]/javafx.scene.control.skin.ScrollPaneSkin$6[0]/VBox#contentContainer[18]/ModuleHost#processDesignerContainer[0]/TitledPane#processDesignerRoot[0]/javafx.scene.control.skin.TitledPaneSkin$1[0]/VBox[4]/SplitPane#designerSplitPane[0]/Content[0]/VBox#palettePanel[2]/ScrollPane[0]/javafx.scene.control.skin.ScrollPaneSkin$5[0]/javafx.scene.control.skin.ScrollPaneSkin$6[0]/VBox#paletteItemsContainer[155]/HBox[1]/VBox[0]/Label	wrap: false -> true	El título o categoría de paleta admite varias líneas dentro de su columna.
process	1435	1435	theme-light.css Process Designer /StackPane#rootStackPane[0]/BorderPane#mainPane[1]/ResponsiveWorkspaceSplitPane#workspaceSplitPane[1]/Content[0]/VBox#mainContentArea[5]/ScrollPane#mainScrollPane[0]/javafx.scene.control.skin.ScrollPaneSkin$5[0]/javafx.scene.control.skin.ScrollPaneSkin$6[0]/VBox#contentContainer[18]/ModuleHost#processDesignerContainer[0]/TitledPane#processDesignerRoot[0]/javafx.scene.control.skin.TitledPaneSkin$1[0]/VBox[4]/SplitPane#designerSplitPane[0]/Content[0]/VBox#palettePanel[2]/ScrollPane[0]/javafx.scene.control.skin.ScrollPaneSkin$5[0]/javafx.scene.control.skin.ScrollPaneSkin$6[0]/VBox#paletteItemsContainer[156]/HBox[0]/Label	minW: -1.0 -> 18.0	Reserva 18 px para el icono de paleta, sin cambiar su fuente.
process	1438	1438	theme-light.css Process Designer /StackPane#rootStackPane[0]/BorderPane#mainPane[1]/ResponsiveWorkspaceSplitPane#workspaceSplitPane[1]/Content[0]/VBox#mainContentArea[5]/ScrollPane#mainScrollPane[0]/javafx.scene.control.skin.ScrollPaneSkin$5[0]/javafx.scene.control.skin.ScrollPaneSkin$6[0]/VBox#contentContainer[18]/ModuleHost#processDesignerContainer[0]/TitledPane#processDesignerRoot[0]/javafx.scene.control.skin.TitledPaneSkin$1[0]/VBox[4]/SplitPane#designerSplitPane[0]/Content[0]/VBox#palettePanel[2]/ScrollPane[0]/javafx.scene.control.skin.ScrollPaneSkin$5[0]/javafx.scene.control.skin.ScrollPaneSkin$6[0]/VBox#paletteItemsContainer[156]/HBox[1]/VBox[0]/Label	wrap: false -> true	El título o categoría de paleta admite varias líneas dentro de su columna.
process	1443	1443	theme-light.css Process Designer /StackPane#rootStackPane[0]/BorderPane#mainPane[1]/ResponsiveWorkspaceSplitPane#workspaceSplitPane[1]/Content[0]/VBox#mainContentArea[5]/ScrollPane#mainScrollPane[0]/javafx.scene.control.skin.ScrollPaneSkin$5[0]/javafx.scene.control.skin.ScrollPaneSkin$6[0]/VBox#contentContainer[18]/ModuleHost#processDesignerContainer[0]/TitledPane#processDesignerRoot[0]/javafx.scene.control.skin.TitledPaneSkin$1[0]/VBox[4]/SplitPane#designerSplitPane[0]/Content[0]/VBox#palettePanel[2]/ScrollPane[0]/javafx.scene.control.skin.ScrollPaneSkin$5[0]/javafx.scene.control.skin.ScrollPaneSkin$6[0]/VBox#paletteItemsContainer[157]/HBox[0]/Label	minW: -1.0 -> 18.0	Reserva 18 px para el icono de paleta, sin cambiar su fuente.
process	1446	1446	theme-light.css Process Designer /StackPane#rootStackPane[0]/BorderPane#mainPane[1]/ResponsiveWorkspaceSplitPane#workspaceSplitPane[1]/Content[0]/VBox#mainContentArea[5]/ScrollPane#mainScrollPane[0]/javafx.scene.control.skin.ScrollPaneSkin$5[0]/javafx.scene.control.skin.ScrollPaneSkin$6[0]/VBox#contentContainer[18]/ModuleHost#processDesignerContainer[0]/TitledPane#processDesignerRoot[0]/javafx.scene.control.skin.TitledPaneSkin$1[0]/VBox[4]/SplitPane#designerSplitPane[0]/Content[0]/VBox#palettePanel[2]/ScrollPane[0]/javafx.scene.control.skin.ScrollPaneSkin$5[0]/javafx.scene.control.skin.ScrollPaneSkin$6[0]/VBox#paletteItemsContainer[157]/HBox[1]/VBox[0]/Label	wrap: false -> true	El título o categoría de paleta admite varias líneas dentro de su columna.
process	1451	1451	theme-light.css Process Designer /StackPane#rootStackPane[0]/BorderPane#mainPane[1]/ResponsiveWorkspaceSplitPane#workspaceSplitPane[1]/Content[0]/VBox#mainContentArea[5]/ScrollPane#mainScrollPane[0]/javafx.scene.control.skin.ScrollPaneSkin$5[0]/javafx.scene.control.skin.ScrollPaneSkin$6[0]/VBox#contentContainer[18]/ModuleHost#processDesignerContainer[0]/TitledPane#processDesignerRoot[0]/javafx.scene.control.skin.TitledPaneSkin$1[0]/VBox[4]/SplitPane#designerSplitPane[0]/Content[0]/VBox#palettePanel[2]/ScrollPane[0]/javafx.scene.control.skin.ScrollPaneSkin$5[0]/javafx.scene.control.skin.ScrollPaneSkin$6[0]/VBox#paletteItemsContainer[158]/HBox[0]/Label	minW: -1.0 -> 18.0	Reserva 18 px para el icono de paleta, sin cambiar su fuente.
process	1454	1454	theme-light.css Process Designer /StackPane#rootStackPane[0]/BorderPane#mainPane[1]/ResponsiveWorkspaceSplitPane#workspaceSplitPane[1]/Content[0]/VBox#mainContentArea[5]/ScrollPane#mainScrollPane[0]/javafx.scene.control.skin.ScrollPaneSkin$5[0]/javafx.scene.control.skin.ScrollPaneSkin$6[0]/VBox#contentContainer[18]/ModuleHost#processDesignerContainer[0]/TitledPane#processDesignerRoot[0]/javafx.scene.control.skin.TitledPaneSkin$1[0]/VBox[4]/SplitPane#designerSplitPane[0]/Content[0]/VBox#palettePanel[2]/ScrollPane[0]/javafx.scene.control.skin.ScrollPaneSkin$5[0]/javafx.scene.control.skin.ScrollPaneSkin$6[0]/VBox#paletteItemsContainer[158]/HBox[1]/VBox[0]/Label	wrap: false -> true	El título o categoría de paleta admite varias líneas dentro de su columna.
process	1459	1459	theme-light.css Process Designer /StackPane#rootStackPane[0]/BorderPane#mainPane[1]/ResponsiveWorkspaceSplitPane#workspaceSplitPane[1]/Content[0]/VBox#mainContentArea[5]/ScrollPane#mainScrollPane[0]/javafx.scene.control.skin.ScrollPaneSkin$5[0]/javafx.scene.control.skin.ScrollPaneSkin$6[0]/VBox#contentContainer[18]/ModuleHost#processDesignerContainer[0]/TitledPane#processDesignerRoot[0]/javafx.scene.control.skin.TitledPaneSkin$1[0]/VBox[4]/SplitPane#designerSplitPane[0]/Content[0]/VBox#palettePanel[2]/ScrollPane[0]/javafx.scene.control.skin.ScrollPaneSkin$5[0]/javafx.scene.control.skin.ScrollPaneSkin$6[0]/VBox#paletteItemsContainer[159]/HBox[0]/Label	minW: -1.0 -> 18.0	Reserva 18 px para el icono de paleta, sin cambiar su fuente.
process	1462	1462	theme-light.css Process Designer /StackPane#rootStackPane[0]/BorderPane#mainPane[1]/ResponsiveWorkspaceSplitPane#workspaceSplitPane[1]/Content[0]/VBox#mainContentArea[5]/ScrollPane#mainScrollPane[0]/javafx.scene.control.skin.ScrollPaneSkin$5[0]/javafx.scene.control.skin.ScrollPaneSkin$6[0]/VBox#contentContainer[18]/ModuleHost#processDesignerContainer[0]/TitledPane#processDesignerRoot[0]/javafx.scene.control.skin.TitledPaneSkin$1[0]/VBox[4]/SplitPane#designerSplitPane[0]/Content[0]/VBox#palettePanel[2]/ScrollPane[0]/javafx.scene.control.skin.ScrollPaneSkin$5[0]/javafx.scene.control.skin.ScrollPaneSkin$6[0]/VBox#paletteItemsContainer[159]/HBox[1]/VBox[0]/Label	wrap: false -> true	El título o categoría de paleta admite varias líneas dentro de su columna.
process	343	343	theme-light.css Process Designer /StackPane#rootStackPane[0]/BorderPane#mainPane[1]/ResponsiveWorkspaceSplitPane#workspaceSplitPane[1]/Content[0]/VBox#mainContentArea[5]/ScrollPane#mainScrollPane[0]/javafx.scene.control.skin.ScrollPaneSkin$5[0]/javafx.scene.control.skin.ScrollPaneSkin$6[0]/VBox#contentContainer[18]/ModuleHost#processDesignerContainer[0]/TitledPane#processDesignerRoot[0]/javafx.scene.control.skin.TitledPaneSkin$1[0]/VBox[4]/SplitPane#designerSplitPane[0]/Content[0]/VBox#palettePanel[2]/ScrollPane[0]/javafx.scene.control.skin.ScrollPaneSkin$5[0]/javafx.scene.control.skin.ScrollPaneSkin$6[0]/VBox#paletteItemsContainer[15]/HBox[0]/Label	minW: -1.0 -> 18.0	Reserva 18 px para el icono de paleta, sin cambiar su fuente.
process	346	346	theme-light.css Process Designer /StackPane#rootStackPane[0]/BorderPane#mainPane[1]/ResponsiveWorkspaceSplitPane#workspaceSplitPane[1]/Content[0]/VBox#mainContentArea[5]/ScrollPane#mainScrollPane[0]/javafx.scene.control.skin.ScrollPaneSkin$5[0]/javafx.scene.control.skin.ScrollPaneSkin$6[0]/VBox#contentContainer[18]/ModuleHost#processDesignerContainer[0]/TitledPane#processDesignerRoot[0]/javafx.scene.control.skin.TitledPaneSkin$1[0]/VBox[4]/SplitPane#designerSplitPane[0]/Content[0]/VBox#palettePanel[2]/ScrollPane[0]/javafx.scene.control.skin.ScrollPaneSkin$5[0]/javafx.scene.control.skin.ScrollPaneSkin$6[0]/VBox#paletteItemsContainer[15]/HBox[1]/VBox[0]/Label	wrap: false -> true	El título o categoría de paleta admite varias líneas dentro de su columna.
process	1467	1467	theme-light.css Process Designer /StackPane#rootStackPane[0]/BorderPane#mainPane[1]/ResponsiveWorkspaceSplitPane#workspaceSplitPane[1]/Content[0]/VBox#mainContentArea[5]/ScrollPane#mainScrollPane[0]/javafx.scene.control.skin.ScrollPaneSkin$5[0]/javafx.scene.control.skin.ScrollPaneSkin$6[0]/VBox#contentContainer[18]/ModuleHost#processDesignerContainer[0]/TitledPane#processDesignerRoot[0]/javafx.scene.control.skin.TitledPaneSkin$1[0]/VBox[4]/SplitPane#designerSplitPane[0]/Content[0]/VBox#palettePanel[2]/ScrollPane[0]/javafx.scene.control.skin.ScrollPaneSkin$5[0]/javafx.scene.control.skin.ScrollPaneSkin$6[0]/VBox#paletteItemsContainer[160]/HBox[0]/Label	minW: -1.0 -> 18.0	Reserva 18 px para el icono de paleta, sin cambiar su fuente.
process	1470	1470	theme-light.css Process Designer /StackPane#rootStackPane[0]/BorderPane#mainPane[1]/ResponsiveWorkspaceSplitPane#workspaceSplitPane[1]/Content[0]/VBox#mainContentArea[5]/ScrollPane#mainScrollPane[0]/javafx.scene.control.skin.ScrollPaneSkin$5[0]/javafx.scene.control.skin.ScrollPaneSkin$6[0]/VBox#contentContainer[18]/ModuleHost#processDesignerContainer[0]/TitledPane#processDesignerRoot[0]/javafx.scene.control.skin.TitledPaneSkin$1[0]/VBox[4]/SplitPane#designerSplitPane[0]/Content[0]/VBox#palettePanel[2]/ScrollPane[0]/javafx.scene.control.skin.ScrollPaneSkin$5[0]/javafx.scene.control.skin.ScrollPaneSkin$6[0]/VBox#paletteItemsContainer[160]/HBox[1]/VBox[0]/Label	wrap: false -> true	El título o categoría de paleta admite varias líneas dentro de su columna.
process	1475	1475	theme-light.css Process Designer /StackPane#rootStackPane[0]/BorderPane#mainPane[1]/ResponsiveWorkspaceSplitPane#workspaceSplitPane[1]/Content[0]/VBox#mainContentArea[5]/ScrollPane#mainScrollPane[0]/javafx.scene.control.skin.ScrollPaneSkin$5[0]/javafx.scene.control.skin.ScrollPaneSkin$6[0]/VBox#contentContainer[18]/ModuleHost#processDesignerContainer[0]/TitledPane#processDesignerRoot[0]/javafx.scene.control.skin.TitledPaneSkin$1[0]/VBox[4]/SplitPane#designerSplitPane[0]/Content[0]/VBox#palettePanel[2]/ScrollPane[0]/javafx.scene.control.skin.ScrollPaneSkin$5[0]/javafx.scene.control.skin.ScrollPaneSkin$6[0]/VBox#paletteItemsContainer[161]/HBox[0]/Label	minW: -1.0 -> 18.0	Reserva 18 px para el icono de paleta, sin cambiar su fuente.
process	1478	1478	theme-light.css Process Designer /StackPane#rootStackPane[0]/BorderPane#mainPane[1]/ResponsiveWorkspaceSplitPane#workspaceSplitPane[1]/Content[0]/VBox#mainContentArea[5]/ScrollPane#mainScrollPane[0]/javafx.scene.control.skin.ScrollPaneSkin$5[0]/javafx.scene.control.skin.ScrollPaneSkin$6[0]/VBox#contentContainer[18]/ModuleHost#processDesignerContainer[0]/TitledPane#processDesignerRoot[0]/javafx.scene.control.skin.TitledPaneSkin$1[0]/VBox[4]/SplitPane#designerSplitPane[0]/Content[0]/VBox#palettePanel[2]/ScrollPane[0]/javafx.scene.control.skin.ScrollPaneSkin$5[0]/javafx.scene.control.skin.ScrollPaneSkin$6[0]/VBox#paletteItemsContainer[161]/HBox[1]/VBox[0]/Label	wrap: false -> true	El título o categoría de paleta admite varias líneas dentro de su columna.
process	1483	1483	theme-light.css Process Designer /StackPane#rootStackPane[0]/BorderPane#mainPane[1]/ResponsiveWorkspaceSplitPane#workspaceSplitPane[1]/Content[0]/VBox#mainContentArea[5]/ScrollPane#mainScrollPane[0]/javafx.scene.control.skin.ScrollPaneSkin$5[0]/javafx.scene.control.skin.ScrollPaneSkin$6[0]/VBox#contentContainer[18]/ModuleHost#processDesignerContainer[0]/TitledPane#processDesignerRoot[0]/javafx.scene.control.skin.TitledPaneSkin$1[0]/VBox[4]/SplitPane#designerSplitPane[0]/Content[0]/VBox#palettePanel[2]/ScrollPane[0]/javafx.scene.control.skin.ScrollPaneSkin$5[0]/javafx.scene.control.skin.ScrollPaneSkin$6[0]/VBox#paletteItemsContainer[162]/HBox[0]/Label	minW: -1.0 -> 18.0	Reserva 18 px para el icono de paleta, sin cambiar su fuente.
process	1486	1486	theme-light.css Process Designer /StackPane#rootStackPane[0]/BorderPane#mainPane[1]/ResponsiveWorkspaceSplitPane#workspaceSplitPane[1]/Content[0]/VBox#mainContentArea[5]/ScrollPane#mainScrollPane[0]/javafx.scene.control.skin.ScrollPaneSkin$5[0]/javafx.scene.control.skin.ScrollPaneSkin$6[0]/VBox#contentContainer[18]/ModuleHost#processDesignerContainer[0]/TitledPane#processDesignerRoot[0]/javafx.scene.control.skin.TitledPaneSkin$1[0]/VBox[4]/SplitPane#designerSplitPane[0]/Content[0]/VBox#palettePanel[2]/ScrollPane[0]/javafx.scene.control.skin.ScrollPaneSkin$5[0]/javafx.scene.control.skin.ScrollPaneSkin$6[0]/VBox#paletteItemsContainer[162]/HBox[1]/VBox[0]/Label	wrap: false -> true	El título o categoría de paleta admite varias líneas dentro de su columna.
process	1491	1491	theme-light.css Process Designer /StackPane#rootStackPane[0]/BorderPane#mainPane[1]/ResponsiveWorkspaceSplitPane#workspaceSplitPane[1]/Content[0]/VBox#mainContentArea[5]/ScrollPane#mainScrollPane[0]/javafx.scene.control.skin.ScrollPaneSkin$5[0]/javafx.scene.control.skin.ScrollPaneSkin$6[0]/VBox#contentContainer[18]/ModuleHost#processDesignerContainer[0]/TitledPane#processDesignerRoot[0]/javafx.scene.control.skin.TitledPaneSkin$1[0]/VBox[4]/SplitPane#designerSplitPane[0]/Content[0]/VBox#palettePanel[2]/ScrollPane[0]/javafx.scene.control.skin.ScrollPaneSkin$5[0]/javafx.scene.control.skin.ScrollPaneSkin$6[0]/VBox#paletteItemsContainer[163]/HBox[0]/Label	minW: -1.0 -> 18.0	Reserva 18 px para el icono de paleta, sin cambiar su fuente.
process	1494	1494	theme-light.css Process Designer /StackPane#rootStackPane[0]/BorderPane#mainPane[1]/ResponsiveWorkspaceSplitPane#workspaceSplitPane[1]/Content[0]/VBox#mainContentArea[5]/ScrollPane#mainScrollPane[0]/javafx.scene.control.skin.ScrollPaneSkin$5[0]/javafx.scene.control.skin.ScrollPaneSkin$6[0]/VBox#contentContainer[18]/ModuleHost#processDesignerContainer[0]/TitledPane#processDesignerRoot[0]/javafx.scene.control.skin.TitledPaneSkin$1[0]/VBox[4]/SplitPane#designerSplitPane[0]/Content[0]/VBox#palettePanel[2]/ScrollPane[0]/javafx.scene.control.skin.ScrollPaneSkin$5[0]/javafx.scene.control.skin.ScrollPaneSkin$6[0]/VBox#paletteItemsContainer[163]/HBox[1]/VBox[0]/Label	wrap: false -> true	El título o categoría de paleta admite varias líneas dentro de su columna.
process	1499	1499	theme-light.css Process Designer /StackPane#rootStackPane[0]/BorderPane#mainPane[1]/ResponsiveWorkspaceSplitPane#workspaceSplitPane[1]/Content[0]/VBox#mainContentArea[5]/ScrollPane#mainScrollPane[0]/javafx.scene.control.skin.ScrollPaneSkin$5[0]/javafx.scene.control.skin.ScrollPaneSkin$6[0]/VBox#contentContainer[18]/ModuleHost#processDesignerContainer[0]/TitledPane#processDesignerRoot[0]/javafx.scene.control.skin.TitledPaneSkin$1[0]/VBox[4]/SplitPane#designerSplitPane[0]/Content[0]/VBox#palettePanel[2]/ScrollPane[0]/javafx.scene.control.skin.ScrollPaneSkin$5[0]/javafx.scene.control.skin.ScrollPaneSkin$6[0]/VBox#paletteItemsContainer[164]/HBox[0]/Label	minW: -1.0 -> 18.0	Reserva 18 px para el icono de paleta, sin cambiar su fuente.
process	1502	1502	theme-light.css Process Designer /StackPane#rootStackPane[0]/BorderPane#mainPane[1]/ResponsiveWorkspaceSplitPane#workspaceSplitPane[1]/Content[0]/VBox#mainContentArea[5]/ScrollPane#mainScrollPane[0]/javafx.scene.control.skin.ScrollPaneSkin$5[0]/javafx.scene.control.skin.ScrollPaneSkin$6[0]/VBox#contentContainer[18]/ModuleHost#processDesignerContainer[0]/TitledPane#processDesignerRoot[0]/javafx.scene.control.skin.TitledPaneSkin$1[0]/VBox[4]/SplitPane#designerSplitPane[0]/Content[0]/VBox#palettePanel[2]/ScrollPane[0]/javafx.scene.control.skin.ScrollPaneSkin$5[0]/javafx.scene.control.skin.ScrollPaneSkin$6[0]/VBox#paletteItemsContainer[164]/HBox[1]/VBox[0]/Label	wrap: false -> true	El título o categoría de paleta admite varias líneas dentro de su columna.
process	1507	1507	theme-light.css Process Designer /StackPane#rootStackPane[0]/BorderPane#mainPane[1]/ResponsiveWorkspaceSplitPane#workspaceSplitPane[1]/Content[0]/VBox#mainContentArea[5]/ScrollPane#mainScrollPane[0]/javafx.scene.control.skin.ScrollPaneSkin$5[0]/javafx.scene.control.skin.ScrollPaneSkin$6[0]/VBox#contentContainer[18]/ModuleHost#processDesignerContainer[0]/TitledPane#processDesignerRoot[0]/javafx.scene.control.skin.TitledPaneSkin$1[0]/VBox[4]/SplitPane#designerSplitPane[0]/Content[0]/VBox#palettePanel[2]/ScrollPane[0]/javafx.scene.control.skin.ScrollPaneSkin$5[0]/javafx.scene.control.skin.ScrollPaneSkin$6[0]/VBox#paletteItemsContainer[165]/HBox[0]/Label	minW: -1.0 -> 18.0	Reserva 18 px para el icono de paleta, sin cambiar su fuente.
process	1510	1510	theme-light.css Process Designer /StackPane#rootStackPane[0]/BorderPane#mainPane[1]/ResponsiveWorkspaceSplitPane#workspaceSplitPane[1]/Content[0]/VBox#mainContentArea[5]/ScrollPane#mainScrollPane[0]/javafx.scene.control.skin.ScrollPaneSkin$5[0]/javafx.scene.control.skin.ScrollPaneSkin$6[0]/VBox#contentContainer[18]/ModuleHost#processDesignerContainer[0]/TitledPane#processDesignerRoot[0]/javafx.scene.control.skin.TitledPaneSkin$1[0]/VBox[4]/SplitPane#designerSplitPane[0]/Content[0]/VBox#palettePanel[2]/ScrollPane[0]/javafx.scene.control.skin.ScrollPaneSkin$5[0]/javafx.scene.control.skin.ScrollPaneSkin$6[0]/VBox#paletteItemsContainer[165]/HBox[1]/VBox[0]/Label	wrap: false -> true	El título o categoría de paleta admite varias líneas dentro de su columna.
process	1514	1514	theme-light.css Process Designer /StackPane#rootStackPane[0]/BorderPane#mainPane[1]/ResponsiveWorkspaceSplitPane#workspaceSplitPane[1]/Content[0]/VBox#mainContentArea[5]/ScrollPane#mainScrollPane[0]/javafx.scene.control.skin.ScrollPaneSkin$5[0]/javafx.scene.control.skin.ScrollPaneSkin$6[0]/VBox#contentContainer[18]/ModuleHost#processDesignerContainer[0]/TitledPane#processDesignerRoot[0]/javafx.scene.control.skin.TitledPaneSkin$1[0]/VBox[4]/SplitPane#designerSplitPane[0]/Content[0]/VBox#palettePanel[2]/ScrollPane[0]/javafx.scene.control.skin.ScrollPaneSkin$5[0]/javafx.scene.control.skin.ScrollPaneSkin$6[0]/VBox#paletteItemsContainer[166]/Label	wrap: false -> true	El título o categoría de paleta admite varias líneas dentro de su columna.
process	1517	1517	theme-light.css Process Designer /StackPane#rootStackPane[0]/BorderPane#mainPane[1]/ResponsiveWorkspaceSplitPane#workspaceSplitPane[1]/Content[0]/VBox#mainContentArea[5]/ScrollPane#mainScrollPane[0]/javafx.scene.control.skin.ScrollPaneSkin$5[0]/javafx.scene.control.skin.ScrollPaneSkin$6[0]/VBox#contentContainer[18]/ModuleHost#processDesignerContainer[0]/TitledPane#processDesignerRoot[0]/javafx.scene.control.skin.TitledPaneSkin$1[0]/VBox[4]/SplitPane#designerSplitPane[0]/Content[0]/VBox#palettePanel[2]/ScrollPane[0]/javafx.scene.control.skin.ScrollPaneSkin$5[0]/javafx.scene.control.skin.ScrollPaneSkin$6[0]/VBox#paletteItemsContainer[167]/HBox[0]/Label	minW: -1.0 -> 18.0	Reserva 18 px para el icono de paleta, sin cambiar su fuente.
process	1520	1520	theme-light.css Process Designer /StackPane#rootStackPane[0]/BorderPane#mainPane[1]/ResponsiveWorkspaceSplitPane#workspaceSplitPane[1]/Content[0]/VBox#mainContentArea[5]/ScrollPane#mainScrollPane[0]/javafx.scene.control.skin.ScrollPaneSkin$5[0]/javafx.scene.control.skin.ScrollPaneSkin$6[0]/VBox#contentContainer[18]/ModuleHost#processDesignerContainer[0]/TitledPane#processDesignerRoot[0]/javafx.scene.control.skin.TitledPaneSkin$1[0]/VBox[4]/SplitPane#designerSplitPane[0]/Content[0]/VBox#palettePanel[2]/ScrollPane[0]/javafx.scene.control.skin.ScrollPaneSkin$5[0]/javafx.scene.control.skin.ScrollPaneSkin$6[0]/VBox#paletteItemsContainer[167]/HBox[1]/VBox[0]/Label	wrap: false -> true	El título o categoría de paleta admite varias líneas dentro de su columna.
process	1525	1525	theme-light.css Process Designer /StackPane#rootStackPane[0]/BorderPane#mainPane[1]/ResponsiveWorkspaceSplitPane#workspaceSplitPane[1]/Content[0]/VBox#mainContentArea[5]/ScrollPane#mainScrollPane[0]/javafx.scene.control.skin.ScrollPaneSkin$5[0]/javafx.scene.control.skin.ScrollPaneSkin$6[0]/VBox#contentContainer[18]/ModuleHost#processDesignerContainer[0]/TitledPane#processDesignerRoot[0]/javafx.scene.control.skin.TitledPaneSkin$1[0]/VBox[4]/SplitPane#designerSplitPane[0]/Content[0]/VBox#palettePanel[2]/ScrollPane[0]/javafx.scene.control.skin.ScrollPaneSkin$5[0]/javafx.scene.control.skin.ScrollPaneSkin$6[0]/VBox#paletteItemsContainer[168]/HBox[0]/Label	minW: -1.0 -> 18.0	Reserva 18 px para el icono de paleta, sin cambiar su fuente.
process	1528	1528	theme-light.css Process Designer /StackPane#rootStackPane[0]/BorderPane#mainPane[1]/ResponsiveWorkspaceSplitPane#workspaceSplitPane[1]/Content[0]/VBox#mainContentArea[5]/ScrollPane#mainScrollPane[0]/javafx.scene.control.skin.ScrollPaneSkin$5[0]/javafx.scene.control.skin.ScrollPaneSkin$6[0]/VBox#contentContainer[18]/ModuleHost#processDesignerContainer[0]/TitledPane#processDesignerRoot[0]/javafx.scene.control.skin.TitledPaneSkin$1[0]/VBox[4]/SplitPane#designerSplitPane[0]/Content[0]/VBox#palettePanel[2]/ScrollPane[0]/javafx.scene.control.skin.ScrollPaneSkin$5[0]/javafx.scene.control.skin.ScrollPaneSkin$6[0]/VBox#paletteItemsContainer[168]/HBox[1]/VBox[0]/Label	wrap: false -> true	El título o categoría de paleta admite varias líneas dentro de su columna.
process	1533	1533	theme-light.css Process Designer /StackPane#rootStackPane[0]/BorderPane#mainPane[1]/ResponsiveWorkspaceSplitPane#workspaceSplitPane[1]/Content[0]/VBox#mainContentArea[5]/ScrollPane#mainScrollPane[0]/javafx.scene.control.skin.ScrollPaneSkin$5[0]/javafx.scene.control.skin.ScrollPaneSkin$6[0]/VBox#contentContainer[18]/ModuleHost#processDesignerContainer[0]/TitledPane#processDesignerRoot[0]/javafx.scene.control.skin.TitledPaneSkin$1[0]/VBox[4]/SplitPane#designerSplitPane[0]/Content[0]/VBox#palettePanel[2]/ScrollPane[0]/javafx.scene.control.skin.ScrollPaneSkin$5[0]/javafx.scene.control.skin.ScrollPaneSkin$6[0]/VBox#paletteItemsContainer[169]/HBox[0]/Label	minW: -1.0 -> 18.0	Reserva 18 px para el icono de paleta, sin cambiar su fuente.
process	1536	1536	theme-light.css Process Designer /StackPane#rootStackPane[0]/BorderPane#mainPane[1]/ResponsiveWorkspaceSplitPane#workspaceSplitPane[1]/Content[0]/VBox#mainContentArea[5]/ScrollPane#mainScrollPane[0]/javafx.scene.control.skin.ScrollPaneSkin$5[0]/javafx.scene.control.skin.ScrollPaneSkin$6[0]/VBox#contentContainer[18]/ModuleHost#processDesignerContainer[0]/TitledPane#processDesignerRoot[0]/javafx.scene.control.skin.TitledPaneSkin$1[0]/VBox[4]/SplitPane#designerSplitPane[0]/Content[0]/VBox#palettePanel[2]/ScrollPane[0]/javafx.scene.control.skin.ScrollPaneSkin$5[0]/javafx.scene.control.skin.ScrollPaneSkin$6[0]/VBox#paletteItemsContainer[169]/HBox[1]/VBox[0]/Label	wrap: false -> true	El título o categoría de paleta admite varias líneas dentro de su columna.
process	351	351	theme-light.css Process Designer /StackPane#rootStackPane[0]/BorderPane#mainPane[1]/ResponsiveWorkspaceSplitPane#workspaceSplitPane[1]/Content[0]/VBox#mainContentArea[5]/ScrollPane#mainScrollPane[0]/javafx.scene.control.skin.ScrollPaneSkin$5[0]/javafx.scene.control.skin.ScrollPaneSkin$6[0]/VBox#contentContainer[18]/ModuleHost#processDesignerContainer[0]/TitledPane#processDesignerRoot[0]/javafx.scene.control.skin.TitledPaneSkin$1[0]/VBox[4]/SplitPane#designerSplitPane[0]/Content[0]/VBox#palettePanel[2]/ScrollPane[0]/javafx.scene.control.skin.ScrollPaneSkin$5[0]/javafx.scene.control.skin.ScrollPaneSkin$6[0]/VBox#paletteItemsContainer[16]/HBox[0]/Label	minW: -1.0 -> 18.0	Reserva 18 px para el icono de paleta, sin cambiar su fuente.
process	354	354	theme-light.css Process Designer /StackPane#rootStackPane[0]/BorderPane#mainPane[1]/ResponsiveWorkspaceSplitPane#workspaceSplitPane[1]/Content[0]/VBox#mainContentArea[5]/ScrollPane#mainScrollPane[0]/javafx.scene.control.skin.ScrollPaneSkin$5[0]/javafx.scene.control.skin.ScrollPaneSkin$6[0]/VBox#contentContainer[18]/ModuleHost#processDesignerContainer[0]/TitledPane#processDesignerRoot[0]/javafx.scene.control.skin.TitledPaneSkin$1[0]/VBox[4]/SplitPane#designerSplitPane[0]/Content[0]/VBox#palettePanel[2]/ScrollPane[0]/javafx.scene.control.skin.ScrollPaneSkin$5[0]/javafx.scene.control.skin.ScrollPaneSkin$6[0]/VBox#paletteItemsContainer[16]/HBox[1]/VBox[0]/Label	wrap: false -> true	El título o categoría de paleta admite varias líneas dentro de su columna.
process	1541	1541	theme-light.css Process Designer /StackPane#rootStackPane[0]/BorderPane#mainPane[1]/ResponsiveWorkspaceSplitPane#workspaceSplitPane[1]/Content[0]/VBox#mainContentArea[5]/ScrollPane#mainScrollPane[0]/javafx.scene.control.skin.ScrollPaneSkin$5[0]/javafx.scene.control.skin.ScrollPaneSkin$6[0]/VBox#contentContainer[18]/ModuleHost#processDesignerContainer[0]/TitledPane#processDesignerRoot[0]/javafx.scene.control.skin.TitledPaneSkin$1[0]/VBox[4]/SplitPane#designerSplitPane[0]/Content[0]/VBox#palettePanel[2]/ScrollPane[0]/javafx.scene.control.skin.ScrollPaneSkin$5[0]/javafx.scene.control.skin.ScrollPaneSkin$6[0]/VBox#paletteItemsContainer[170]/HBox[0]/Label	minW: -1.0 -> 18.0	Reserva 18 px para el icono de paleta, sin cambiar su fuente.
process	1544	1544	theme-light.css Process Designer /StackPane#rootStackPane[0]/BorderPane#mainPane[1]/ResponsiveWorkspaceSplitPane#workspaceSplitPane[1]/Content[0]/VBox#mainContentArea[5]/ScrollPane#mainScrollPane[0]/javafx.scene.control.skin.ScrollPaneSkin$5[0]/javafx.scene.control.skin.ScrollPaneSkin$6[0]/VBox#contentContainer[18]/ModuleHost#processDesignerContainer[0]/TitledPane#processDesignerRoot[0]/javafx.scene.control.skin.TitledPaneSkin$1[0]/VBox[4]/SplitPane#designerSplitPane[0]/Content[0]/VBox#palettePanel[2]/ScrollPane[0]/javafx.scene.control.skin.ScrollPaneSkin$5[0]/javafx.scene.control.skin.ScrollPaneSkin$6[0]/VBox#paletteItemsContainer[170]/HBox[1]/VBox[0]/Label	wrap: false -> true	El título o categoría de paleta admite varias líneas dentro de su columna.
process	1549	1549	theme-light.css Process Designer /StackPane#rootStackPane[0]/BorderPane#mainPane[1]/ResponsiveWorkspaceSplitPane#workspaceSplitPane[1]/Content[0]/VBox#mainContentArea[5]/ScrollPane#mainScrollPane[0]/javafx.scene.control.skin.ScrollPaneSkin$5[0]/javafx.scene.control.skin.ScrollPaneSkin$6[0]/VBox#contentContainer[18]/ModuleHost#processDesignerContainer[0]/TitledPane#processDesignerRoot[0]/javafx.scene.control.skin.TitledPaneSkin$1[0]/VBox[4]/SplitPane#designerSplitPane[0]/Content[0]/VBox#palettePanel[2]/ScrollPane[0]/javafx.scene.control.skin.ScrollPaneSkin$5[0]/javafx.scene.control.skin.ScrollPaneSkin$6[0]/VBox#paletteItemsContainer[171]/HBox[0]/Label	minW: -1.0 -> 18.0	Reserva 18 px para el icono de paleta, sin cambiar su fuente.
process	1552	1552	theme-light.css Process Designer /StackPane#rootStackPane[0]/BorderPane#mainPane[1]/ResponsiveWorkspaceSplitPane#workspaceSplitPane[1]/Content[0]/VBox#mainContentArea[5]/ScrollPane#mainScrollPane[0]/javafx.scene.control.skin.ScrollPaneSkin$5[0]/javafx.scene.control.skin.ScrollPaneSkin$6[0]/VBox#contentContainer[18]/ModuleHost#processDesignerContainer[0]/TitledPane#processDesignerRoot[0]/javafx.scene.control.skin.TitledPaneSkin$1[0]/VBox[4]/SplitPane#designerSplitPane[0]/Content[0]/VBox#palettePanel[2]/ScrollPane[0]/javafx.scene.control.skin.ScrollPaneSkin$5[0]/javafx.scene.control.skin.ScrollPaneSkin$6[0]/VBox#paletteItemsContainer[171]/HBox[1]/VBox[0]/Label	wrap: false -> true	El título o categoría de paleta admite varias líneas dentro de su columna.
process	1557	1557	theme-light.css Process Designer /StackPane#rootStackPane[0]/BorderPane#mainPane[1]/ResponsiveWorkspaceSplitPane#workspaceSplitPane[1]/Content[0]/VBox#mainContentArea[5]/ScrollPane#mainScrollPane[0]/javafx.scene.control.skin.ScrollPaneSkin$5[0]/javafx.scene.control.skin.ScrollPaneSkin$6[0]/VBox#contentContainer[18]/ModuleHost#processDesignerContainer[0]/TitledPane#processDesignerRoot[0]/javafx.scene.control.skin.TitledPaneSkin$1[0]/VBox[4]/SplitPane#designerSplitPane[0]/Content[0]/VBox#palettePanel[2]/ScrollPane[0]/javafx.scene.control.skin.ScrollPaneSkin$5[0]/javafx.scene.control.skin.ScrollPaneSkin$6[0]/VBox#paletteItemsContainer[172]/HBox[0]/Label	minW: -1.0 -> 18.0	Reserva 18 px para el icono de paleta, sin cambiar su fuente.
process	1560	1560	theme-light.css Process Designer /StackPane#rootStackPane[0]/BorderPane#mainPane[1]/ResponsiveWorkspaceSplitPane#workspaceSplitPane[1]/Content[0]/VBox#mainContentArea[5]/ScrollPane#mainScrollPane[0]/javafx.scene.control.skin.ScrollPaneSkin$5[0]/javafx.scene.control.skin.ScrollPaneSkin$6[0]/VBox#contentContainer[18]/ModuleHost#processDesignerContainer[0]/TitledPane#processDesignerRoot[0]/javafx.scene.control.skin.TitledPaneSkin$1[0]/VBox[4]/SplitPane#designerSplitPane[0]/Content[0]/VBox#palettePanel[2]/ScrollPane[0]/javafx.scene.control.skin.ScrollPaneSkin$5[0]/javafx.scene.control.skin.ScrollPaneSkin$6[0]/VBox#paletteItemsContainer[172]/HBox[1]/VBox[0]/Label	wrap: false -> true	El título o categoría de paleta admite varias líneas dentro de su columna.
process	1565	1565	theme-light.css Process Designer /StackPane#rootStackPane[0]/BorderPane#mainPane[1]/ResponsiveWorkspaceSplitPane#workspaceSplitPane[1]/Content[0]/VBox#mainContentArea[5]/ScrollPane#mainScrollPane[0]/javafx.scene.control.skin.ScrollPaneSkin$5[0]/javafx.scene.control.skin.ScrollPaneSkin$6[0]/VBox#contentContainer[18]/ModuleHost#processDesignerContainer[0]/TitledPane#processDesignerRoot[0]/javafx.scene.control.skin.TitledPaneSkin$1[0]/VBox[4]/SplitPane#designerSplitPane[0]/Content[0]/VBox#palettePanel[2]/ScrollPane[0]/javafx.scene.control.skin.ScrollPaneSkin$5[0]/javafx.scene.control.skin.ScrollPaneSkin$6[0]/VBox#paletteItemsContainer[173]/HBox[0]/Label	minW: -1.0 -> 18.0	Reserva 18 px para el icono de paleta, sin cambiar su fuente.
process	1568	1568	theme-light.css Process Designer /StackPane#rootStackPane[0]/BorderPane#mainPane[1]/ResponsiveWorkspaceSplitPane#workspaceSplitPane[1]/Content[0]/VBox#mainContentArea[5]/ScrollPane#mainScrollPane[0]/javafx.scene.control.skin.ScrollPaneSkin$5[0]/javafx.scene.control.skin.ScrollPaneSkin$6[0]/VBox#contentContainer[18]/ModuleHost#processDesignerContainer[0]/TitledPane#processDesignerRoot[0]/javafx.scene.control.skin.TitledPaneSkin$1[0]/VBox[4]/SplitPane#designerSplitPane[0]/Content[0]/VBox#palettePanel[2]/ScrollPane[0]/javafx.scene.control.skin.ScrollPaneSkin$5[0]/javafx.scene.control.skin.ScrollPaneSkin$6[0]/VBox#paletteItemsContainer[173]/HBox[1]/VBox[0]/Label	wrap: false -> true	El título o categoría de paleta admite varias líneas dentro de su columna.
process	1573	1573	theme-light.css Process Designer /StackPane#rootStackPane[0]/BorderPane#mainPane[1]/ResponsiveWorkspaceSplitPane#workspaceSplitPane[1]/Content[0]/VBox#mainContentArea[5]/ScrollPane#mainScrollPane[0]/javafx.scene.control.skin.ScrollPaneSkin$5[0]/javafx.scene.control.skin.ScrollPaneSkin$6[0]/VBox#contentContainer[18]/ModuleHost#processDesignerContainer[0]/TitledPane#processDesignerRoot[0]/javafx.scene.control.skin.TitledPaneSkin$1[0]/VBox[4]/SplitPane#designerSplitPane[0]/Content[0]/VBox#palettePanel[2]/ScrollPane[0]/javafx.scene.control.skin.ScrollPaneSkin$5[0]/javafx.scene.control.skin.ScrollPaneSkin$6[0]/VBox#paletteItemsContainer[174]/HBox[0]/Label	minW: -1.0 -> 18.0	Reserva 18 px para el icono de paleta, sin cambiar su fuente.
process	1576	1576	theme-light.css Process Designer /StackPane#rootStackPane[0]/BorderPane#mainPane[1]/ResponsiveWorkspaceSplitPane#workspaceSplitPane[1]/Content[0]/VBox#mainContentArea[5]/ScrollPane#mainScrollPane[0]/javafx.scene.control.skin.ScrollPaneSkin$5[0]/javafx.scene.control.skin.ScrollPaneSkin$6[0]/VBox#contentContainer[18]/ModuleHost#processDesignerContainer[0]/TitledPane#processDesignerRoot[0]/javafx.scene.control.skin.TitledPaneSkin$1[0]/VBox[4]/SplitPane#designerSplitPane[0]/Content[0]/VBox#palettePanel[2]/ScrollPane[0]/javafx.scene.control.skin.ScrollPaneSkin$5[0]/javafx.scene.control.skin.ScrollPaneSkin$6[0]/VBox#paletteItemsContainer[174]/HBox[1]/VBox[0]/Label	wrap: false -> true	El título o categoría de paleta admite varias líneas dentro de su columna.
process	1581	1581	theme-light.css Process Designer /StackPane#rootStackPane[0]/BorderPane#mainPane[1]/ResponsiveWorkspaceSplitPane#workspaceSplitPane[1]/Content[0]/VBox#mainContentArea[5]/ScrollPane#mainScrollPane[0]/javafx.scene.control.skin.ScrollPaneSkin$5[0]/javafx.scene.control.skin.ScrollPaneSkin$6[0]/VBox#contentContainer[18]/ModuleHost#processDesignerContainer[0]/TitledPane#processDesignerRoot[0]/javafx.scene.control.skin.TitledPaneSkin$1[0]/VBox[4]/SplitPane#designerSplitPane[0]/Content[0]/VBox#palettePanel[2]/ScrollPane[0]/javafx.scene.control.skin.ScrollPaneSkin$5[0]/javafx.scene.control.skin.ScrollPaneSkin$6[0]/VBox#paletteItemsContainer[175]/HBox[0]/Label	minW: -1.0 -> 18.0	Reserva 18 px para el icono de paleta, sin cambiar su fuente.
process	1584	1584	theme-light.css Process Designer /StackPane#rootStackPane[0]/BorderPane#mainPane[1]/ResponsiveWorkspaceSplitPane#workspaceSplitPane[1]/Content[0]/VBox#mainContentArea[5]/ScrollPane#mainScrollPane[0]/javafx.scene.control.skin.ScrollPaneSkin$5[0]/javafx.scene.control.skin.ScrollPaneSkin$6[0]/VBox#contentContainer[18]/ModuleHost#processDesignerContainer[0]/TitledPane#processDesignerRoot[0]/javafx.scene.control.skin.TitledPaneSkin$1[0]/VBox[4]/SplitPane#designerSplitPane[0]/Content[0]/VBox#palettePanel[2]/ScrollPane[0]/javafx.scene.control.skin.ScrollPaneSkin$5[0]/javafx.scene.control.skin.ScrollPaneSkin$6[0]/VBox#paletteItemsContainer[175]/HBox[1]/VBox[0]/Label	wrap: false -> true	El título o categoría de paleta admite varias líneas dentro de su columna.
process	1589	1589	theme-light.css Process Designer /StackPane#rootStackPane[0]/BorderPane#mainPane[1]/ResponsiveWorkspaceSplitPane#workspaceSplitPane[1]/Content[0]/VBox#mainContentArea[5]/ScrollPane#mainScrollPane[0]/javafx.scene.control.skin.ScrollPaneSkin$5[0]/javafx.scene.control.skin.ScrollPaneSkin$6[0]/VBox#contentContainer[18]/ModuleHost#processDesignerContainer[0]/TitledPane#processDesignerRoot[0]/javafx.scene.control.skin.TitledPaneSkin$1[0]/VBox[4]/SplitPane#designerSplitPane[0]/Content[0]/VBox#palettePanel[2]/ScrollPane[0]/javafx.scene.control.skin.ScrollPaneSkin$5[0]/javafx.scene.control.skin.ScrollPaneSkin$6[0]/VBox#paletteItemsContainer[176]/HBox[0]/Label	minW: -1.0 -> 18.0	Reserva 18 px para el icono de paleta, sin cambiar su fuente.
process	1592	1592	theme-light.css Process Designer /StackPane#rootStackPane[0]/BorderPane#mainPane[1]/ResponsiveWorkspaceSplitPane#workspaceSplitPane[1]/Content[0]/VBox#mainContentArea[5]/ScrollPane#mainScrollPane[0]/javafx.scene.control.skin.ScrollPaneSkin$5[0]/javafx.scene.control.skin.ScrollPaneSkin$6[0]/VBox#contentContainer[18]/ModuleHost#processDesignerContainer[0]/TitledPane#processDesignerRoot[0]/javafx.scene.control.skin.TitledPaneSkin$1[0]/VBox[4]/SplitPane#designerSplitPane[0]/Content[0]/VBox#palettePanel[2]/ScrollPane[0]/javafx.scene.control.skin.ScrollPaneSkin$5[0]/javafx.scene.control.skin.ScrollPaneSkin$6[0]/VBox#paletteItemsContainer[176]/HBox[1]/VBox[0]/Label	wrap: false -> true	El título o categoría de paleta admite varias líneas dentro de su columna.
process	1597	1597	theme-light.css Process Designer /StackPane#rootStackPane[0]/BorderPane#mainPane[1]/ResponsiveWorkspaceSplitPane#workspaceSplitPane[1]/Content[0]/VBox#mainContentArea[5]/ScrollPane#mainScrollPane[0]/javafx.scene.control.skin.ScrollPaneSkin$5[0]/javafx.scene.control.skin.ScrollPaneSkin$6[0]/VBox#contentContainer[18]/ModuleHost#processDesignerContainer[0]/TitledPane#processDesignerRoot[0]/javafx.scene.control.skin.TitledPaneSkin$1[0]/VBox[4]/SplitPane#designerSplitPane[0]/Content[0]/VBox#palettePanel[2]/ScrollPane[0]/javafx.scene.control.skin.ScrollPaneSkin$5[0]/javafx.scene.control.skin.ScrollPaneSkin$6[0]/VBox#paletteItemsContainer[177]/HBox[0]/Label	minW: -1.0 -> 18.0	Reserva 18 px para el icono de paleta, sin cambiar su fuente.
process	1600	1600	theme-light.css Process Designer /StackPane#rootStackPane[0]/BorderPane#mainPane[1]/ResponsiveWorkspaceSplitPane#workspaceSplitPane[1]/Content[0]/VBox#mainContentArea[5]/ScrollPane#mainScrollPane[0]/javafx.scene.control.skin.ScrollPaneSkin$5[0]/javafx.scene.control.skin.ScrollPaneSkin$6[0]/VBox#contentContainer[18]/ModuleHost#processDesignerContainer[0]/TitledPane#processDesignerRoot[0]/javafx.scene.control.skin.TitledPaneSkin$1[0]/VBox[4]/SplitPane#designerSplitPane[0]/Content[0]/VBox#palettePanel[2]/ScrollPane[0]/javafx.scene.control.skin.ScrollPaneSkin$5[0]/javafx.scene.control.skin.ScrollPaneSkin$6[0]/VBox#paletteItemsContainer[177]/HBox[1]/VBox[0]/Label	wrap: false -> true	El título o categoría de paleta admite varias líneas dentro de su columna.
process	1605	1605	theme-light.css Process Designer /StackPane#rootStackPane[0]/BorderPane#mainPane[1]/ResponsiveWorkspaceSplitPane#workspaceSplitPane[1]/Content[0]/VBox#mainContentArea[5]/ScrollPane#mainScrollPane[0]/javafx.scene.control.skin.ScrollPaneSkin$5[0]/javafx.scene.control.skin.ScrollPaneSkin$6[0]/VBox#contentContainer[18]/ModuleHost#processDesignerContainer[0]/TitledPane#processDesignerRoot[0]/javafx.scene.control.skin.TitledPaneSkin$1[0]/VBox[4]/SplitPane#designerSplitPane[0]/Content[0]/VBox#palettePanel[2]/ScrollPane[0]/javafx.scene.control.skin.ScrollPaneSkin$5[0]/javafx.scene.control.skin.ScrollPaneSkin$6[0]/VBox#paletteItemsContainer[178]/HBox[0]/Label	minW: -1.0 -> 18.0	Reserva 18 px para el icono de paleta, sin cambiar su fuente.
process	1608	1608	theme-light.css Process Designer /StackPane#rootStackPane[0]/BorderPane#mainPane[1]/ResponsiveWorkspaceSplitPane#workspaceSplitPane[1]/Content[0]/VBox#mainContentArea[5]/ScrollPane#mainScrollPane[0]/javafx.scene.control.skin.ScrollPaneSkin$5[0]/javafx.scene.control.skin.ScrollPaneSkin$6[0]/VBox#contentContainer[18]/ModuleHost#processDesignerContainer[0]/TitledPane#processDesignerRoot[0]/javafx.scene.control.skin.TitledPaneSkin$1[0]/VBox[4]/SplitPane#designerSplitPane[0]/Content[0]/VBox#palettePanel[2]/ScrollPane[0]/javafx.scene.control.skin.ScrollPaneSkin$5[0]/javafx.scene.control.skin.ScrollPaneSkin$6[0]/VBox#paletteItemsContainer[178]/HBox[1]/VBox[0]/Label	wrap: false -> true	El título o categoría de paleta admite varias líneas dentro de su columna.
process	1613	1613	theme-light.css Process Designer /StackPane#rootStackPane[0]/BorderPane#mainPane[1]/ResponsiveWorkspaceSplitPane#workspaceSplitPane[1]/Content[0]/VBox#mainContentArea[5]/ScrollPane#mainScrollPane[0]/javafx.scene.control.skin.ScrollPaneSkin$5[0]/javafx.scene.control.skin.ScrollPaneSkin$6[0]/VBox#contentContainer[18]/ModuleHost#processDesignerContainer[0]/TitledPane#processDesignerRoot[0]/javafx.scene.control.skin.TitledPaneSkin$1[0]/VBox[4]/SplitPane#designerSplitPane[0]/Content[0]/VBox#palettePanel[2]/ScrollPane[0]/javafx.scene.control.skin.ScrollPaneSkin$5[0]/javafx.scene.control.skin.ScrollPaneSkin$6[0]/VBox#paletteItemsContainer[179]/HBox[0]/Label	minW: -1.0 -> 18.0	Reserva 18 px para el icono de paleta, sin cambiar su fuente.
process	1616	1616	theme-light.css Process Designer /StackPane#rootStackPane[0]/BorderPane#mainPane[1]/ResponsiveWorkspaceSplitPane#workspaceSplitPane[1]/Content[0]/VBox#mainContentArea[5]/ScrollPane#mainScrollPane[0]/javafx.scene.control.skin.ScrollPaneSkin$5[0]/javafx.scene.control.skin.ScrollPaneSkin$6[0]/VBox#contentContainer[18]/ModuleHost#processDesignerContainer[0]/TitledPane#processDesignerRoot[0]/javafx.scene.control.skin.TitledPaneSkin$1[0]/VBox[4]/SplitPane#designerSplitPane[0]/Content[0]/VBox#palettePanel[2]/ScrollPane[0]/javafx.scene.control.skin.ScrollPaneSkin$5[0]/javafx.scene.control.skin.ScrollPaneSkin$6[0]/VBox#paletteItemsContainer[179]/HBox[1]/VBox[0]/Label	wrap: false -> true	El título o categoría de paleta admite varias líneas dentro de su columna.
process	358	358	theme-light.css Process Designer /StackPane#rootStackPane[0]/BorderPane#mainPane[1]/ResponsiveWorkspaceSplitPane#workspaceSplitPane[1]/Content[0]/VBox#mainContentArea[5]/ScrollPane#mainScrollPane[0]/javafx.scene.control.skin.ScrollPaneSkin$5[0]/javafx.scene.control.skin.ScrollPaneSkin$6[0]/VBox#contentContainer[18]/ModuleHost#processDesignerContainer[0]/TitledPane#processDesignerRoot[0]/javafx.scene.control.skin.TitledPaneSkin$1[0]/VBox[4]/SplitPane#designerSplitPane[0]/Content[0]/VBox#palettePanel[2]/ScrollPane[0]/javafx.scene.control.skin.ScrollPaneSkin$5[0]/javafx.scene.control.skin.ScrollPaneSkin$6[0]/VBox#paletteItemsContainer[17]/Label	wrap: false -> true	El título o categoría de paleta admite varias líneas dentro de su columna.
process	1620	1620	theme-light.css Process Designer /StackPane#rootStackPane[0]/BorderPane#mainPane[1]/ResponsiveWorkspaceSplitPane#workspaceSplitPane[1]/Content[0]/VBox#mainContentArea[5]/ScrollPane#mainScrollPane[0]/javafx.scene.control.skin.ScrollPaneSkin$5[0]/javafx.scene.control.skin.ScrollPaneSkin$6[0]/VBox#contentContainer[18]/ModuleHost#processDesignerContainer[0]/TitledPane#processDesignerRoot[0]/javafx.scene.control.skin.TitledPaneSkin$1[0]/VBox[4]/SplitPane#designerSplitPane[0]/Content[0]/VBox#palettePanel[2]/ScrollPane[0]/javafx.scene.control.skin.ScrollPaneSkin$5[0]/javafx.scene.control.skin.ScrollPaneSkin$6[0]/VBox#paletteItemsContainer[180]/Label	wrap: false -> true	El título o categoría de paleta admite varias líneas dentro de su columna.
process	1623	1623	theme-light.css Process Designer /StackPane#rootStackPane[0]/BorderPane#mainPane[1]/ResponsiveWorkspaceSplitPane#workspaceSplitPane[1]/Content[0]/VBox#mainContentArea[5]/ScrollPane#mainScrollPane[0]/javafx.scene.control.skin.ScrollPaneSkin$5[0]/javafx.scene.control.skin.ScrollPaneSkin$6[0]/VBox#contentContainer[18]/ModuleHost#processDesignerContainer[0]/TitledPane#processDesignerRoot[0]/javafx.scene.control.skin.TitledPaneSkin$1[0]/VBox[4]/SplitPane#designerSplitPane[0]/Content[0]/VBox#palettePanel[2]/ScrollPane[0]/javafx.scene.control.skin.ScrollPaneSkin$5[0]/javafx.scene.control.skin.ScrollPaneSkin$6[0]/VBox#paletteItemsContainer[181]/HBox[0]/Label	minW: -1.0 -> 18.0	Reserva 18 px para el icono de paleta, sin cambiar su fuente.
process	1626	1626	theme-light.css Process Designer /StackPane#rootStackPane[0]/BorderPane#mainPane[1]/ResponsiveWorkspaceSplitPane#workspaceSplitPane[1]/Content[0]/VBox#mainContentArea[5]/ScrollPane#mainScrollPane[0]/javafx.scene.control.skin.ScrollPaneSkin$5[0]/javafx.scene.control.skin.ScrollPaneSkin$6[0]/VBox#contentContainer[18]/ModuleHost#processDesignerContainer[0]/TitledPane#processDesignerRoot[0]/javafx.scene.control.skin.TitledPaneSkin$1[0]/VBox[4]/SplitPane#designerSplitPane[0]/Content[0]/VBox#palettePanel[2]/ScrollPane[0]/javafx.scene.control.skin.ScrollPaneSkin$5[0]/javafx.scene.control.skin.ScrollPaneSkin$6[0]/VBox#paletteItemsContainer[181]/HBox[1]/VBox[0]/Label	wrap: false -> true	El título o categoría de paleta admite varias líneas dentro de su columna.
process	1631	1631	theme-light.css Process Designer /StackPane#rootStackPane[0]/BorderPane#mainPane[1]/ResponsiveWorkspaceSplitPane#workspaceSplitPane[1]/Content[0]/VBox#mainContentArea[5]/ScrollPane#mainScrollPane[0]/javafx.scene.control.skin.ScrollPaneSkin$5[0]/javafx.scene.control.skin.ScrollPaneSkin$6[0]/VBox#contentContainer[18]/ModuleHost#processDesignerContainer[0]/TitledPane#processDesignerRoot[0]/javafx.scene.control.skin.TitledPaneSkin$1[0]/VBox[4]/SplitPane#designerSplitPane[0]/Content[0]/VBox#palettePanel[2]/ScrollPane[0]/javafx.scene.control.skin.ScrollPaneSkin$5[0]/javafx.scene.control.skin.ScrollPaneSkin$6[0]/VBox#paletteItemsContainer[182]/HBox[0]/Label	minW: -1.0 -> 18.0	Reserva 18 px para el icono de paleta, sin cambiar su fuente.
process	1634	1634	theme-light.css Process Designer /StackPane#rootStackPane[0]/BorderPane#mainPane[1]/ResponsiveWorkspaceSplitPane#workspaceSplitPane[1]/Content[0]/VBox#mainContentArea[5]/ScrollPane#mainScrollPane[0]/javafx.scene.control.skin.ScrollPaneSkin$5[0]/javafx.scene.control.skin.ScrollPaneSkin$6[0]/VBox#contentContainer[18]/ModuleHost#processDesignerContainer[0]/TitledPane#processDesignerRoot[0]/javafx.scene.control.skin.TitledPaneSkin$1[0]/VBox[4]/SplitPane#designerSplitPane[0]/Content[0]/VBox#palettePanel[2]/ScrollPane[0]/javafx.scene.control.skin.ScrollPaneSkin$5[0]/javafx.scene.control.skin.ScrollPaneSkin$6[0]/VBox#paletteItemsContainer[182]/HBox[1]/VBox[0]/Label	wrap: false -> true	El título o categoría de paleta admite varias líneas dentro de su columna.
process	1639	1639	theme-light.css Process Designer /StackPane#rootStackPane[0]/BorderPane#mainPane[1]/ResponsiveWorkspaceSplitPane#workspaceSplitPane[1]/Content[0]/VBox#mainContentArea[5]/ScrollPane#mainScrollPane[0]/javafx.scene.control.skin.ScrollPaneSkin$5[0]/javafx.scene.control.skin.ScrollPaneSkin$6[0]/VBox#contentContainer[18]/ModuleHost#processDesignerContainer[0]/TitledPane#processDesignerRoot[0]/javafx.scene.control.skin.TitledPaneSkin$1[0]/VBox[4]/SplitPane#designerSplitPane[0]/Content[0]/VBox#palettePanel[2]/ScrollPane[0]/javafx.scene.control.skin.ScrollPaneSkin$5[0]/javafx.scene.control.skin.ScrollPaneSkin$6[0]/VBox#paletteItemsContainer[183]/HBox[0]/Label	minW: -1.0 -> 18.0	Reserva 18 px para el icono de paleta, sin cambiar su fuente.
process	1642	1642	theme-light.css Process Designer /StackPane#rootStackPane[0]/BorderPane#mainPane[1]/ResponsiveWorkspaceSplitPane#workspaceSplitPane[1]/Content[0]/VBox#mainContentArea[5]/ScrollPane#mainScrollPane[0]/javafx.scene.control.skin.ScrollPaneSkin$5[0]/javafx.scene.control.skin.ScrollPaneSkin$6[0]/VBox#contentContainer[18]/ModuleHost#processDesignerContainer[0]/TitledPane#processDesignerRoot[0]/javafx.scene.control.skin.TitledPaneSkin$1[0]/VBox[4]/SplitPane#designerSplitPane[0]/Content[0]/VBox#palettePanel[2]/ScrollPane[0]/javafx.scene.control.skin.ScrollPaneSkin$5[0]/javafx.scene.control.skin.ScrollPaneSkin$6[0]/VBox#paletteItemsContainer[183]/HBox[1]/VBox[0]/Label	wrap: false -> true	El título o categoría de paleta admite varias líneas dentro de su columna.
process	1647	1647	theme-light.css Process Designer /StackPane#rootStackPane[0]/BorderPane#mainPane[1]/ResponsiveWorkspaceSplitPane#workspaceSplitPane[1]/Content[0]/VBox#mainContentArea[5]/ScrollPane#mainScrollPane[0]/javafx.scene.control.skin.ScrollPaneSkin$5[0]/javafx.scene.control.skin.ScrollPaneSkin$6[0]/VBox#contentContainer[18]/ModuleHost#processDesignerContainer[0]/TitledPane#processDesignerRoot[0]/javafx.scene.control.skin.TitledPaneSkin$1[0]/VBox[4]/SplitPane#designerSplitPane[0]/Content[0]/VBox#palettePanel[2]/ScrollPane[0]/javafx.scene.control.skin.ScrollPaneSkin$5[0]/javafx.scene.control.skin.ScrollPaneSkin$6[0]/VBox#paletteItemsContainer[184]/HBox[0]/Label	minW: -1.0 -> 18.0	Reserva 18 px para el icono de paleta, sin cambiar su fuente.
process	1650	1650	theme-light.css Process Designer /StackPane#rootStackPane[0]/BorderPane#mainPane[1]/ResponsiveWorkspaceSplitPane#workspaceSplitPane[1]/Content[0]/VBox#mainContentArea[5]/ScrollPane#mainScrollPane[0]/javafx.scene.control.skin.ScrollPaneSkin$5[0]/javafx.scene.control.skin.ScrollPaneSkin$6[0]/VBox#contentContainer[18]/ModuleHost#processDesignerContainer[0]/TitledPane#processDesignerRoot[0]/javafx.scene.control.skin.TitledPaneSkin$1[0]/VBox[4]/SplitPane#designerSplitPane[0]/Content[0]/VBox#palettePanel[2]/ScrollPane[0]/javafx.scene.control.skin.ScrollPaneSkin$5[0]/javafx.scene.control.skin.ScrollPaneSkin$6[0]/VBox#paletteItemsContainer[184]/HBox[1]/VBox[0]/Label	wrap: false -> true	El título o categoría de paleta admite varias líneas dentro de su columna.
process	1655	1655	theme-light.css Process Designer /StackPane#rootStackPane[0]/BorderPane#mainPane[1]/ResponsiveWorkspaceSplitPane#workspaceSplitPane[1]/Content[0]/VBox#mainContentArea[5]/ScrollPane#mainScrollPane[0]/javafx.scene.control.skin.ScrollPaneSkin$5[0]/javafx.scene.control.skin.ScrollPaneSkin$6[0]/VBox#contentContainer[18]/ModuleHost#processDesignerContainer[0]/TitledPane#processDesignerRoot[0]/javafx.scene.control.skin.TitledPaneSkin$1[0]/VBox[4]/SplitPane#designerSplitPane[0]/Content[0]/VBox#palettePanel[2]/ScrollPane[0]/javafx.scene.control.skin.ScrollPaneSkin$5[0]/javafx.scene.control.skin.ScrollPaneSkin$6[0]/VBox#paletteItemsContainer[185]/HBox[0]/Label	minW: -1.0 -> 18.0	Reserva 18 px para el icono de paleta, sin cambiar su fuente.
process	1658	1658	theme-light.css Process Designer /StackPane#rootStackPane[0]/BorderPane#mainPane[1]/ResponsiveWorkspaceSplitPane#workspaceSplitPane[1]/Content[0]/VBox#mainContentArea[5]/ScrollPane#mainScrollPane[0]/javafx.scene.control.skin.ScrollPaneSkin$5[0]/javafx.scene.control.skin.ScrollPaneSkin$6[0]/VBox#contentContainer[18]/ModuleHost#processDesignerContainer[0]/TitledPane#processDesignerRoot[0]/javafx.scene.control.skin.TitledPaneSkin$1[0]/VBox[4]/SplitPane#designerSplitPane[0]/Content[0]/VBox#palettePanel[2]/ScrollPane[0]/javafx.scene.control.skin.ScrollPaneSkin$5[0]/javafx.scene.control.skin.ScrollPaneSkin$6[0]/VBox#paletteItemsContainer[185]/HBox[1]/VBox[0]/Label	wrap: false -> true	El título o categoría de paleta admite varias líneas dentro de su columna.
process	1662	1662	theme-light.css Process Designer /StackPane#rootStackPane[0]/BorderPane#mainPane[1]/ResponsiveWorkspaceSplitPane#workspaceSplitPane[1]/Content[0]/VBox#mainContentArea[5]/ScrollPane#mainScrollPane[0]/javafx.scene.control.skin.ScrollPaneSkin$5[0]/javafx.scene.control.skin.ScrollPaneSkin$6[0]/VBox#contentContainer[18]/ModuleHost#processDesignerContainer[0]/TitledPane#processDesignerRoot[0]/javafx.scene.control.skin.TitledPaneSkin$1[0]/VBox[4]/SplitPane#designerSplitPane[0]/Content[0]/VBox#palettePanel[2]/ScrollPane[0]/javafx.scene.control.skin.ScrollPaneSkin$5[0]/javafx.scene.control.skin.ScrollPaneSkin$6[0]/VBox#paletteItemsContainer[186]/Label	wrap: false -> true	El título o categoría de paleta admite varias líneas dentro de su columna.
process	1665	1665	theme-light.css Process Designer /StackPane#rootStackPane[0]/BorderPane#mainPane[1]/ResponsiveWorkspaceSplitPane#workspaceSplitPane[1]/Content[0]/VBox#mainContentArea[5]/ScrollPane#mainScrollPane[0]/javafx.scene.control.skin.ScrollPaneSkin$5[0]/javafx.scene.control.skin.ScrollPaneSkin$6[0]/VBox#contentContainer[18]/ModuleHost#processDesignerContainer[0]/TitledPane#processDesignerRoot[0]/javafx.scene.control.skin.TitledPaneSkin$1[0]/VBox[4]/SplitPane#designerSplitPane[0]/Content[0]/VBox#palettePanel[2]/ScrollPane[0]/javafx.scene.control.skin.ScrollPaneSkin$5[0]/javafx.scene.control.skin.ScrollPaneSkin$6[0]/VBox#paletteItemsContainer[187]/HBox[0]/Label	minW: -1.0 -> 18.0	Reserva 18 px para el icono de paleta, sin cambiar su fuente.
process	1668	1668	theme-light.css Process Designer /StackPane#rootStackPane[0]/BorderPane#mainPane[1]/ResponsiveWorkspaceSplitPane#workspaceSplitPane[1]/Content[0]/VBox#mainContentArea[5]/ScrollPane#mainScrollPane[0]/javafx.scene.control.skin.ScrollPaneSkin$5[0]/javafx.scene.control.skin.ScrollPaneSkin$6[0]/VBox#contentContainer[18]/ModuleHost#processDesignerContainer[0]/TitledPane#processDesignerRoot[0]/javafx.scene.control.skin.TitledPaneSkin$1[0]/VBox[4]/SplitPane#designerSplitPane[0]/Content[0]/VBox#palettePanel[2]/ScrollPane[0]/javafx.scene.control.skin.ScrollPaneSkin$5[0]/javafx.scene.control.skin.ScrollPaneSkin$6[0]/VBox#paletteItemsContainer[187]/HBox[1]/VBox[0]/Label	wrap: false -> true	El título o categoría de paleta admite varias líneas dentro de su columna.
process	1673	1673	theme-light.css Process Designer /StackPane#rootStackPane[0]/BorderPane#mainPane[1]/ResponsiveWorkspaceSplitPane#workspaceSplitPane[1]/Content[0]/VBox#mainContentArea[5]/ScrollPane#mainScrollPane[0]/javafx.scene.control.skin.ScrollPaneSkin$5[0]/javafx.scene.control.skin.ScrollPaneSkin$6[0]/VBox#contentContainer[18]/ModuleHost#processDesignerContainer[0]/TitledPane#processDesignerRoot[0]/javafx.scene.control.skin.TitledPaneSkin$1[0]/VBox[4]/SplitPane#designerSplitPane[0]/Content[0]/VBox#palettePanel[2]/ScrollPane[0]/javafx.scene.control.skin.ScrollPaneSkin$5[0]/javafx.scene.control.skin.ScrollPaneSkin$6[0]/VBox#paletteItemsContainer[188]/HBox[0]/Label	minW: -1.0 -> 18.0	Reserva 18 px para el icono de paleta, sin cambiar su fuente.
process	1676	1676	theme-light.css Process Designer /StackPane#rootStackPane[0]/BorderPane#mainPane[1]/ResponsiveWorkspaceSplitPane#workspaceSplitPane[1]/Content[0]/VBox#mainContentArea[5]/ScrollPane#mainScrollPane[0]/javafx.scene.control.skin.ScrollPaneSkin$5[0]/javafx.scene.control.skin.ScrollPaneSkin$6[0]/VBox#contentContainer[18]/ModuleHost#processDesignerContainer[0]/TitledPane#processDesignerRoot[0]/javafx.scene.control.skin.TitledPaneSkin$1[0]/VBox[4]/SplitPane#designerSplitPane[0]/Content[0]/VBox#palettePanel[2]/ScrollPane[0]/javafx.scene.control.skin.ScrollPaneSkin$5[0]/javafx.scene.control.skin.ScrollPaneSkin$6[0]/VBox#paletteItemsContainer[188]/HBox[1]/VBox[0]/Label	wrap: false -> true	El título o categoría de paleta admite varias líneas dentro de su columna.
process	1681	1681	theme-light.css Process Designer /StackPane#rootStackPane[0]/BorderPane#mainPane[1]/ResponsiveWorkspaceSplitPane#workspaceSplitPane[1]/Content[0]/VBox#mainContentArea[5]/ScrollPane#mainScrollPane[0]/javafx.scene.control.skin.ScrollPaneSkin$5[0]/javafx.scene.control.skin.ScrollPaneSkin$6[0]/VBox#contentContainer[18]/ModuleHost#processDesignerContainer[0]/TitledPane#processDesignerRoot[0]/javafx.scene.control.skin.TitledPaneSkin$1[0]/VBox[4]/SplitPane#designerSplitPane[0]/Content[0]/VBox#palettePanel[2]/ScrollPane[0]/javafx.scene.control.skin.ScrollPaneSkin$5[0]/javafx.scene.control.skin.ScrollPaneSkin$6[0]/VBox#paletteItemsContainer[189]/HBox[0]/Label	minW: -1.0 -> 18.0	Reserva 18 px para el icono de paleta, sin cambiar su fuente.
process	1684	1684	theme-light.css Process Designer /StackPane#rootStackPane[0]/BorderPane#mainPane[1]/ResponsiveWorkspaceSplitPane#workspaceSplitPane[1]/Content[0]/VBox#mainContentArea[5]/ScrollPane#mainScrollPane[0]/javafx.scene.control.skin.ScrollPaneSkin$5[0]/javafx.scene.control.skin.ScrollPaneSkin$6[0]/VBox#contentContainer[18]/ModuleHost#processDesignerContainer[0]/TitledPane#processDesignerRoot[0]/javafx.scene.control.skin.TitledPaneSkin$1[0]/VBox[4]/SplitPane#designerSplitPane[0]/Content[0]/VBox#palettePanel[2]/ScrollPane[0]/javafx.scene.control.skin.ScrollPaneSkin$5[0]/javafx.scene.control.skin.ScrollPaneSkin$6[0]/VBox#paletteItemsContainer[189]/HBox[1]/VBox[0]/Label	wrap: false -> true	El título o categoría de paleta admite varias líneas dentro de su columna.
process	361	361	theme-light.css Process Designer /StackPane#rootStackPane[0]/BorderPane#mainPane[1]/ResponsiveWorkspaceSplitPane#workspaceSplitPane[1]/Content[0]/VBox#mainContentArea[5]/ScrollPane#mainScrollPane[0]/javafx.scene.control.skin.ScrollPaneSkin$5[0]/javafx.scene.control.skin.ScrollPaneSkin$6[0]/VBox#contentContainer[18]/ModuleHost#processDesignerContainer[0]/TitledPane#processDesignerRoot[0]/javafx.scene.control.skin.TitledPaneSkin$1[0]/VBox[4]/SplitPane#designerSplitPane[0]/Content[0]/VBox#palettePanel[2]/ScrollPane[0]/javafx.scene.control.skin.ScrollPaneSkin$5[0]/javafx.scene.control.skin.ScrollPaneSkin$6[0]/VBox#paletteItemsContainer[18]/HBox[0]/Label	minW: -1.0 -> 18.0	Reserva 18 px para el icono de paleta, sin cambiar su fuente.
process	364	364	theme-light.css Process Designer /StackPane#rootStackPane[0]/BorderPane#mainPane[1]/ResponsiveWorkspaceSplitPane#workspaceSplitPane[1]/Content[0]/VBox#mainContentArea[5]/ScrollPane#mainScrollPane[0]/javafx.scene.control.skin.ScrollPaneSkin$5[0]/javafx.scene.control.skin.ScrollPaneSkin$6[0]/VBox#contentContainer[18]/ModuleHost#processDesignerContainer[0]/TitledPane#processDesignerRoot[0]/javafx.scene.control.skin.TitledPaneSkin$1[0]/VBox[4]/SplitPane#designerSplitPane[0]/Content[0]/VBox#palettePanel[2]/ScrollPane[0]/javafx.scene.control.skin.ScrollPaneSkin$5[0]/javafx.scene.control.skin.ScrollPaneSkin$6[0]/VBox#paletteItemsContainer[18]/HBox[1]/VBox[0]/Label	wrap: false -> true	El título o categoría de paleta admite varias líneas dentro de su columna.
process	1689	1689	theme-light.css Process Designer /StackPane#rootStackPane[0]/BorderPane#mainPane[1]/ResponsiveWorkspaceSplitPane#workspaceSplitPane[1]/Content[0]/VBox#mainContentArea[5]/ScrollPane#mainScrollPane[0]/javafx.scene.control.skin.ScrollPaneSkin$5[0]/javafx.scene.control.skin.ScrollPaneSkin$6[0]/VBox#contentContainer[18]/ModuleHost#processDesignerContainer[0]/TitledPane#processDesignerRoot[0]/javafx.scene.control.skin.TitledPaneSkin$1[0]/VBox[4]/SplitPane#designerSplitPane[0]/Content[0]/VBox#palettePanel[2]/ScrollPane[0]/javafx.scene.control.skin.ScrollPaneSkin$5[0]/javafx.scene.control.skin.ScrollPaneSkin$6[0]/VBox#paletteItemsContainer[190]/HBox[0]/Label	minW: -1.0 -> 18.0	Reserva 18 px para el icono de paleta, sin cambiar su fuente.
process	1692	1692	theme-light.css Process Designer /StackPane#rootStackPane[0]/BorderPane#mainPane[1]/ResponsiveWorkspaceSplitPane#workspaceSplitPane[1]/Content[0]/VBox#mainContentArea[5]/ScrollPane#mainScrollPane[0]/javafx.scene.control.skin.ScrollPaneSkin$5[0]/javafx.scene.control.skin.ScrollPaneSkin$6[0]/VBox#contentContainer[18]/ModuleHost#processDesignerContainer[0]/TitledPane#processDesignerRoot[0]/javafx.scene.control.skin.TitledPaneSkin$1[0]/VBox[4]/SplitPane#designerSplitPane[0]/Content[0]/VBox#palettePanel[2]/ScrollPane[0]/javafx.scene.control.skin.ScrollPaneSkin$5[0]/javafx.scene.control.skin.ScrollPaneSkin$6[0]/VBox#paletteItemsContainer[190]/HBox[1]/VBox[0]/Label	wrap: false -> true	El título o categoría de paleta admite varias líneas dentro de su columna.
process	1697	1697	theme-light.css Process Designer /StackPane#rootStackPane[0]/BorderPane#mainPane[1]/ResponsiveWorkspaceSplitPane#workspaceSplitPane[1]/Content[0]/VBox#mainContentArea[5]/ScrollPane#mainScrollPane[0]/javafx.scene.control.skin.ScrollPaneSkin$5[0]/javafx.scene.control.skin.ScrollPaneSkin$6[0]/VBox#contentContainer[18]/ModuleHost#processDesignerContainer[0]/TitledPane#processDesignerRoot[0]/javafx.scene.control.skin.TitledPaneSkin$1[0]/VBox[4]/SplitPane#designerSplitPane[0]/Content[0]/VBox#palettePanel[2]/ScrollPane[0]/javafx.scene.control.skin.ScrollPaneSkin$5[0]/javafx.scene.control.skin.ScrollPaneSkin$6[0]/VBox#paletteItemsContainer[191]/HBox[0]/Label	minW: -1.0 -> 18.0	Reserva 18 px para el icono de paleta, sin cambiar su fuente.
process	1700	1700	theme-light.css Process Designer /StackPane#rootStackPane[0]/BorderPane#mainPane[1]/ResponsiveWorkspaceSplitPane#workspaceSplitPane[1]/Content[0]/VBox#mainContentArea[5]/ScrollPane#mainScrollPane[0]/javafx.scene.control.skin.ScrollPaneSkin$5[0]/javafx.scene.control.skin.ScrollPaneSkin$6[0]/VBox#contentContainer[18]/ModuleHost#processDesignerContainer[0]/TitledPane#processDesignerRoot[0]/javafx.scene.control.skin.TitledPaneSkin$1[0]/VBox[4]/SplitPane#designerSplitPane[0]/Content[0]/VBox#palettePanel[2]/ScrollPane[0]/javafx.scene.control.skin.ScrollPaneSkin$5[0]/javafx.scene.control.skin.ScrollPaneSkin$6[0]/VBox#paletteItemsContainer[191]/HBox[1]/VBox[0]/Label	wrap: false -> true	El título o categoría de paleta admite varias líneas dentro de su columna.
process	1705	1705	theme-light.css Process Designer /StackPane#rootStackPane[0]/BorderPane#mainPane[1]/ResponsiveWorkspaceSplitPane#workspaceSplitPane[1]/Content[0]/VBox#mainContentArea[5]/ScrollPane#mainScrollPane[0]/javafx.scene.control.skin.ScrollPaneSkin$5[0]/javafx.scene.control.skin.ScrollPaneSkin$6[0]/VBox#contentContainer[18]/ModuleHost#processDesignerContainer[0]/TitledPane#processDesignerRoot[0]/javafx.scene.control.skin.TitledPaneSkin$1[0]/VBox[4]/SplitPane#designerSplitPane[0]/Content[0]/VBox#palettePanel[2]/ScrollPane[0]/javafx.scene.control.skin.ScrollPaneSkin$5[0]/javafx.scene.control.skin.ScrollPaneSkin$6[0]/VBox#paletteItemsContainer[192]/HBox[0]/Label	minW: -1.0 -> 18.0	Reserva 18 px para el icono de paleta, sin cambiar su fuente.
process	1708	1708	theme-light.css Process Designer /StackPane#rootStackPane[0]/BorderPane#mainPane[1]/ResponsiveWorkspaceSplitPane#workspaceSplitPane[1]/Content[0]/VBox#mainContentArea[5]/ScrollPane#mainScrollPane[0]/javafx.scene.control.skin.ScrollPaneSkin$5[0]/javafx.scene.control.skin.ScrollPaneSkin$6[0]/VBox#contentContainer[18]/ModuleHost#processDesignerContainer[0]/TitledPane#processDesignerRoot[0]/javafx.scene.control.skin.TitledPaneSkin$1[0]/VBox[4]/SplitPane#designerSplitPane[0]/Content[0]/VBox#palettePanel[2]/ScrollPane[0]/javafx.scene.control.skin.ScrollPaneSkin$5[0]/javafx.scene.control.skin.ScrollPaneSkin$6[0]/VBox#paletteItemsContainer[192]/HBox[1]/VBox[0]/Label	wrap: false -> true	El título o categoría de paleta admite varias líneas dentro de su columna.
process	1712	1712	theme-light.css Process Designer /StackPane#rootStackPane[0]/BorderPane#mainPane[1]/ResponsiveWorkspaceSplitPane#workspaceSplitPane[1]/Content[0]/VBox#mainContentArea[5]/ScrollPane#mainScrollPane[0]/javafx.scene.control.skin.ScrollPaneSkin$5[0]/javafx.scene.control.skin.ScrollPaneSkin$6[0]/VBox#contentContainer[18]/ModuleHost#processDesignerContainer[0]/TitledPane#processDesignerRoot[0]/javafx.scene.control.skin.TitledPaneSkin$1[0]/VBox[4]/SplitPane#designerSplitPane[0]/Content[0]/VBox#palettePanel[2]/ScrollPane[0]/javafx.scene.control.skin.ScrollPaneSkin$5[0]/javafx.scene.control.skin.ScrollPaneSkin$6[0]/VBox#paletteItemsContainer[193]/Label	wrap: false -> true	El título o categoría de paleta admite varias líneas dentro de su columna.
process	1715	1715	theme-light.css Process Designer /StackPane#rootStackPane[0]/BorderPane#mainPane[1]/ResponsiveWorkspaceSplitPane#workspaceSplitPane[1]/Content[0]/VBox#mainContentArea[5]/ScrollPane#mainScrollPane[0]/javafx.scene.control.skin.ScrollPaneSkin$5[0]/javafx.scene.control.skin.ScrollPaneSkin$6[0]/VBox#contentContainer[18]/ModuleHost#processDesignerContainer[0]/TitledPane#processDesignerRoot[0]/javafx.scene.control.skin.TitledPaneSkin$1[0]/VBox[4]/SplitPane#designerSplitPane[0]/Content[0]/VBox#palettePanel[2]/ScrollPane[0]/javafx.scene.control.skin.ScrollPaneSkin$5[0]/javafx.scene.control.skin.ScrollPaneSkin$6[0]/VBox#paletteItemsContainer[194]/HBox[0]/Label	minW: -1.0 -> 18.0	Reserva 18 px para el icono de paleta, sin cambiar su fuente.
process	1718	1718	theme-light.css Process Designer /StackPane#rootStackPane[0]/BorderPane#mainPane[1]/ResponsiveWorkspaceSplitPane#workspaceSplitPane[1]/Content[0]/VBox#mainContentArea[5]/ScrollPane#mainScrollPane[0]/javafx.scene.control.skin.ScrollPaneSkin$5[0]/javafx.scene.control.skin.ScrollPaneSkin$6[0]/VBox#contentContainer[18]/ModuleHost#processDesignerContainer[0]/TitledPane#processDesignerRoot[0]/javafx.scene.control.skin.TitledPaneSkin$1[0]/VBox[4]/SplitPane#designerSplitPane[0]/Content[0]/VBox#palettePanel[2]/ScrollPane[0]/javafx.scene.control.skin.ScrollPaneSkin$5[0]/javafx.scene.control.skin.ScrollPaneSkin$6[0]/VBox#paletteItemsContainer[194]/HBox[1]/VBox[0]/Label	wrap: false -> true	El título o categoría de paleta admite varias líneas dentro de su columna.
process	1722	1722	theme-light.css Process Designer /StackPane#rootStackPane[0]/BorderPane#mainPane[1]/ResponsiveWorkspaceSplitPane#workspaceSplitPane[1]/Content[0]/VBox#mainContentArea[5]/ScrollPane#mainScrollPane[0]/javafx.scene.control.skin.ScrollPaneSkin$5[0]/javafx.scene.control.skin.ScrollPaneSkin$6[0]/VBox#contentContainer[18]/ModuleHost#processDesignerContainer[0]/TitledPane#processDesignerRoot[0]/javafx.scene.control.skin.TitledPaneSkin$1[0]/VBox[4]/SplitPane#designerSplitPane[0]/Content[0]/VBox#palettePanel[2]/ScrollPane[0]/javafx.scene.control.skin.ScrollPaneSkin$5[0]/javafx.scene.control.skin.ScrollPaneSkin$6[0]/VBox#paletteItemsContainer[195]/Label	wrap: false -> true	El título o categoría de paleta admite varias líneas dentro de su columna.
process	1725	1725	theme-light.css Process Designer /StackPane#rootStackPane[0]/BorderPane#mainPane[1]/ResponsiveWorkspaceSplitPane#workspaceSplitPane[1]/Content[0]/VBox#mainContentArea[5]/ScrollPane#mainScrollPane[0]/javafx.scene.control.skin.ScrollPaneSkin$5[0]/javafx.scene.control.skin.ScrollPaneSkin$6[0]/VBox#contentContainer[18]/ModuleHost#processDesignerContainer[0]/TitledPane#processDesignerRoot[0]/javafx.scene.control.skin.TitledPaneSkin$1[0]/VBox[4]/SplitPane#designerSplitPane[0]/Content[0]/VBox#palettePanel[2]/ScrollPane[0]/javafx.scene.control.skin.ScrollPaneSkin$5[0]/javafx.scene.control.skin.ScrollPaneSkin$6[0]/VBox#paletteItemsContainer[196]/HBox[0]/Label	minW: -1.0 -> 18.0	Reserva 18 px para el icono de paleta, sin cambiar su fuente.
process	1728	1728	theme-light.css Process Designer /StackPane#rootStackPane[0]/BorderPane#mainPane[1]/ResponsiveWorkspaceSplitPane#workspaceSplitPane[1]/Content[0]/VBox#mainContentArea[5]/ScrollPane#mainScrollPane[0]/javafx.scene.control.skin.ScrollPaneSkin$5[0]/javafx.scene.control.skin.ScrollPaneSkin$6[0]/VBox#contentContainer[18]/ModuleHost#processDesignerContainer[0]/TitledPane#processDesignerRoot[0]/javafx.scene.control.skin.TitledPaneSkin$1[0]/VBox[4]/SplitPane#designerSplitPane[0]/Content[0]/VBox#palettePanel[2]/ScrollPane[0]/javafx.scene.control.skin.ScrollPaneSkin$5[0]/javafx.scene.control.skin.ScrollPaneSkin$6[0]/VBox#paletteItemsContainer[196]/HBox[1]/VBox[0]/Label	wrap: false -> true	El título o categoría de paleta admite varias líneas dentro de su columna.
process	1733	1733	theme-light.css Process Designer /StackPane#rootStackPane[0]/BorderPane#mainPane[1]/ResponsiveWorkspaceSplitPane#workspaceSplitPane[1]/Content[0]/VBox#mainContentArea[5]/ScrollPane#mainScrollPane[0]/javafx.scene.control.skin.ScrollPaneSkin$5[0]/javafx.scene.control.skin.ScrollPaneSkin$6[0]/VBox#contentContainer[18]/ModuleHost#processDesignerContainer[0]/TitledPane#processDesignerRoot[0]/javafx.scene.control.skin.TitledPaneSkin$1[0]/VBox[4]/SplitPane#designerSplitPane[0]/Content[0]/VBox#palettePanel[2]/ScrollPane[0]/javafx.scene.control.skin.ScrollPaneSkin$5[0]/javafx.scene.control.skin.ScrollPaneSkin$6[0]/VBox#paletteItemsContainer[197]/HBox[0]/Label	minW: -1.0 -> 18.0	Reserva 18 px para el icono de paleta, sin cambiar su fuente.
process	1736	1736	theme-light.css Process Designer /StackPane#rootStackPane[0]/BorderPane#mainPane[1]/ResponsiveWorkspaceSplitPane#workspaceSplitPane[1]/Content[0]/VBox#mainContentArea[5]/ScrollPane#mainScrollPane[0]/javafx.scene.control.skin.ScrollPaneSkin$5[0]/javafx.scene.control.skin.ScrollPaneSkin$6[0]/VBox#contentContainer[18]/ModuleHost#processDesignerContainer[0]/TitledPane#processDesignerRoot[0]/javafx.scene.control.skin.TitledPaneSkin$1[0]/VBox[4]/SplitPane#designerSplitPane[0]/Content[0]/VBox#palettePanel[2]/ScrollPane[0]/javafx.scene.control.skin.ScrollPaneSkin$5[0]/javafx.scene.control.skin.ScrollPaneSkin$6[0]/VBox#paletteItemsContainer[197]/HBox[1]/VBox[0]/Label	wrap: false -> true	El título o categoría de paleta admite varias líneas dentro de su columna.
process	1741	1741	theme-light.css Process Designer /StackPane#rootStackPane[0]/BorderPane#mainPane[1]/ResponsiveWorkspaceSplitPane#workspaceSplitPane[1]/Content[0]/VBox#mainContentArea[5]/ScrollPane#mainScrollPane[0]/javafx.scene.control.skin.ScrollPaneSkin$5[0]/javafx.scene.control.skin.ScrollPaneSkin$6[0]/VBox#contentContainer[18]/ModuleHost#processDesignerContainer[0]/TitledPane#processDesignerRoot[0]/javafx.scene.control.skin.TitledPaneSkin$1[0]/VBox[4]/SplitPane#designerSplitPane[0]/Content[0]/VBox#palettePanel[2]/ScrollPane[0]/javafx.scene.control.skin.ScrollPaneSkin$5[0]/javafx.scene.control.skin.ScrollPaneSkin$6[0]/VBox#paletteItemsContainer[198]/HBox[0]/Label	minW: -1.0 -> 18.0	Reserva 18 px para el icono de paleta, sin cambiar su fuente.
process	1744	1744	theme-light.css Process Designer /StackPane#rootStackPane[0]/BorderPane#mainPane[1]/ResponsiveWorkspaceSplitPane#workspaceSplitPane[1]/Content[0]/VBox#mainContentArea[5]/ScrollPane#mainScrollPane[0]/javafx.scene.control.skin.ScrollPaneSkin$5[0]/javafx.scene.control.skin.ScrollPaneSkin$6[0]/VBox#contentContainer[18]/ModuleHost#processDesignerContainer[0]/TitledPane#processDesignerRoot[0]/javafx.scene.control.skin.TitledPaneSkin$1[0]/VBox[4]/SplitPane#designerSplitPane[0]/Content[0]/VBox#palettePanel[2]/ScrollPane[0]/javafx.scene.control.skin.ScrollPaneSkin$5[0]/javafx.scene.control.skin.ScrollPaneSkin$6[0]/VBox#paletteItemsContainer[198]/HBox[1]/VBox[0]/Label	wrap: false -> true	El título o categoría de paleta admite varias líneas dentro de su columna.
process	1749	1749	theme-light.css Process Designer /StackPane#rootStackPane[0]/BorderPane#mainPane[1]/ResponsiveWorkspaceSplitPane#workspaceSplitPane[1]/Content[0]/VBox#mainContentArea[5]/ScrollPane#mainScrollPane[0]/javafx.scene.control.skin.ScrollPaneSkin$5[0]/javafx.scene.control.skin.ScrollPaneSkin$6[0]/VBox#contentContainer[18]/ModuleHost#processDesignerContainer[0]/TitledPane#processDesignerRoot[0]/javafx.scene.control.skin.TitledPaneSkin$1[0]/VBox[4]/SplitPane#designerSplitPane[0]/Content[0]/VBox#palettePanel[2]/ScrollPane[0]/javafx.scene.control.skin.ScrollPaneSkin$5[0]/javafx.scene.control.skin.ScrollPaneSkin$6[0]/VBox#paletteItemsContainer[199]/HBox[0]/Label	minW: -1.0 -> 18.0	Reserva 18 px para el icono de paleta, sin cambiar su fuente.
process	1752	1752	theme-light.css Process Designer /StackPane#rootStackPane[0]/BorderPane#mainPane[1]/ResponsiveWorkspaceSplitPane#workspaceSplitPane[1]/Content[0]/VBox#mainContentArea[5]/ScrollPane#mainScrollPane[0]/javafx.scene.control.skin.ScrollPaneSkin$5[0]/javafx.scene.control.skin.ScrollPaneSkin$6[0]/VBox#contentContainer[18]/ModuleHost#processDesignerContainer[0]/TitledPane#processDesignerRoot[0]/javafx.scene.control.skin.TitledPaneSkin$1[0]/VBox[4]/SplitPane#designerSplitPane[0]/Content[0]/VBox#palettePanel[2]/ScrollPane[0]/javafx.scene.control.skin.ScrollPaneSkin$5[0]/javafx.scene.control.skin.ScrollPaneSkin$6[0]/VBox#paletteItemsContainer[199]/HBox[1]/VBox[0]/Label	wrap: false -> true	El título o categoría de paleta admite varias líneas dentro de su columna.
process	369	369	theme-light.css Process Designer /StackPane#rootStackPane[0]/BorderPane#mainPane[1]/ResponsiveWorkspaceSplitPane#workspaceSplitPane[1]/Content[0]/VBox#mainContentArea[5]/ScrollPane#mainScrollPane[0]/javafx.scene.control.skin.ScrollPaneSkin$5[0]/javafx.scene.control.skin.ScrollPaneSkin$6[0]/VBox#contentContainer[18]/ModuleHost#processDesignerContainer[0]/TitledPane#processDesignerRoot[0]/javafx.scene.control.skin.TitledPaneSkin$1[0]/VBox[4]/SplitPane#designerSplitPane[0]/Content[0]/VBox#palettePanel[2]/ScrollPane[0]/javafx.scene.control.skin.ScrollPaneSkin$5[0]/javafx.scene.control.skin.ScrollPaneSkin$6[0]/VBox#paletteItemsContainer[19]/HBox[0]/Label	minW: -1.0 -> 18.0	Reserva 18 px para el icono de paleta, sin cambiar su fuente.
process	372	372	theme-light.css Process Designer /StackPane#rootStackPane[0]/BorderPane#mainPane[1]/ResponsiveWorkspaceSplitPane#workspaceSplitPane[1]/Content[0]/VBox#mainContentArea[5]/ScrollPane#mainScrollPane[0]/javafx.scene.control.skin.ScrollPaneSkin$5[0]/javafx.scene.control.skin.ScrollPaneSkin$6[0]/VBox#contentContainer[18]/ModuleHost#processDesignerContainer[0]/TitledPane#processDesignerRoot[0]/javafx.scene.control.skin.TitledPaneSkin$1[0]/VBox[4]/SplitPane#designerSplitPane[0]/Content[0]/VBox#palettePanel[2]/ScrollPane[0]/javafx.scene.control.skin.ScrollPaneSkin$5[0]/javafx.scene.control.skin.ScrollPaneSkin$6[0]/VBox#paletteItemsContainer[19]/HBox[1]/VBox[0]/Label	wrap: false -> true	El título o categoría de paleta admite varias líneas dentro de su columna.
process	243	243	theme-light.css Process Designer /StackPane#rootStackPane[0]/BorderPane#mainPane[1]/ResponsiveWorkspaceSplitPane#workspaceSplitPane[1]/Content[0]/VBox#mainContentArea[5]/ScrollPane#mainScrollPane[0]/javafx.scene.control.skin.ScrollPaneSkin$5[0]/javafx.scene.control.skin.ScrollPaneSkin$6[0]/VBox#contentContainer[18]/ModuleHost#processDesignerContainer[0]/TitledPane#processDesignerRoot[0]/javafx.scene.control.skin.TitledPaneSkin$1[0]/VBox[4]/SplitPane#designerSplitPane[0]/Content[0]/VBox#palettePanel[2]/ScrollPane[0]/javafx.scene.control.skin.ScrollPaneSkin$5[0]/javafx.scene.control.skin.ScrollPaneSkin$6[0]/VBox#paletteItemsContainer[1]/HBox[0]/Label	minW: -1.0 -> 18.0	Reserva 18 px para el icono de paleta, sin cambiar su fuente.
process	246	246	theme-light.css Process Designer /StackPane#rootStackPane[0]/BorderPane#mainPane[1]/ResponsiveWorkspaceSplitPane#workspaceSplitPane[1]/Content[0]/VBox#mainContentArea[5]/ScrollPane#mainScrollPane[0]/javafx.scene.control.skin.ScrollPaneSkin$5[0]/javafx.scene.control.skin.ScrollPaneSkin$6[0]/VBox#contentContainer[18]/ModuleHost#processDesignerContainer[0]/TitledPane#processDesignerRoot[0]/javafx.scene.control.skin.TitledPaneSkin$1[0]/VBox[4]/SplitPane#designerSplitPane[0]/Content[0]/VBox#palettePanel[2]/ScrollPane[0]/javafx.scene.control.skin.ScrollPaneSkin$5[0]/javafx.scene.control.skin.ScrollPaneSkin$6[0]/VBox#paletteItemsContainer[1]/HBox[1]/VBox[0]/Label	wrap: false -> true	El título o categoría de paleta admite varias líneas dentro de su columna.
process	1757	1757	theme-light.css Process Designer /StackPane#rootStackPane[0]/BorderPane#mainPane[1]/ResponsiveWorkspaceSplitPane#workspaceSplitPane[1]/Content[0]/VBox#mainContentArea[5]/ScrollPane#mainScrollPane[0]/javafx.scene.control.skin.ScrollPaneSkin$5[0]/javafx.scene.control.skin.ScrollPaneSkin$6[0]/VBox#contentContainer[18]/ModuleHost#processDesignerContainer[0]/TitledPane#processDesignerRoot[0]/javafx.scene.control.skin.TitledPaneSkin$1[0]/VBox[4]/SplitPane#designerSplitPane[0]/Content[0]/VBox#palettePanel[2]/ScrollPane[0]/javafx.scene.control.skin.ScrollPaneSkin$5[0]/javafx.scene.control.skin.ScrollPaneSkin$6[0]/VBox#paletteItemsContainer[200]/HBox[0]/Label	minW: -1.0 -> 18.0	Reserva 18 px para el icono de paleta, sin cambiar su fuente.
process	1760	1760	theme-light.css Process Designer /StackPane#rootStackPane[0]/BorderPane#mainPane[1]/ResponsiveWorkspaceSplitPane#workspaceSplitPane[1]/Content[0]/VBox#mainContentArea[5]/ScrollPane#mainScrollPane[0]/javafx.scene.control.skin.ScrollPaneSkin$5[0]/javafx.scene.control.skin.ScrollPaneSkin$6[0]/VBox#contentContainer[18]/ModuleHost#processDesignerContainer[0]/TitledPane#processDesignerRoot[0]/javafx.scene.control.skin.TitledPaneSkin$1[0]/VBox[4]/SplitPane#designerSplitPane[0]/Content[0]/VBox#palettePanel[2]/ScrollPane[0]/javafx.scene.control.skin.ScrollPaneSkin$5[0]/javafx.scene.control.skin.ScrollPaneSkin$6[0]/VBox#paletteItemsContainer[200]/HBox[1]/VBox[0]/Label	wrap: false -> true	El título o categoría de paleta admite varias líneas dentro de su columna.
process	1765	1765	theme-light.css Process Designer /StackPane#rootStackPane[0]/BorderPane#mainPane[1]/ResponsiveWorkspaceSplitPane#workspaceSplitPane[1]/Content[0]/VBox#mainContentArea[5]/ScrollPane#mainScrollPane[0]/javafx.scene.control.skin.ScrollPaneSkin$5[0]/javafx.scene.control.skin.ScrollPaneSkin$6[0]/VBox#contentContainer[18]/ModuleHost#processDesignerContainer[0]/TitledPane#processDesignerRoot[0]/javafx.scene.control.skin.TitledPaneSkin$1[0]/VBox[4]/SplitPane#designerSplitPane[0]/Content[0]/VBox#palettePanel[2]/ScrollPane[0]/javafx.scene.control.skin.ScrollPaneSkin$5[0]/javafx.scene.control.skin.ScrollPaneSkin$6[0]/VBox#paletteItemsContainer[201]/HBox[0]/Label	minW: -1.0 -> 18.0	Reserva 18 px para el icono de paleta, sin cambiar su fuente.
process	1768	1768	theme-light.css Process Designer /StackPane#rootStackPane[0]/BorderPane#mainPane[1]/ResponsiveWorkspaceSplitPane#workspaceSplitPane[1]/Content[0]/VBox#mainContentArea[5]/ScrollPane#mainScrollPane[0]/javafx.scene.control.skin.ScrollPaneSkin$5[0]/javafx.scene.control.skin.ScrollPaneSkin$6[0]/VBox#contentContainer[18]/ModuleHost#processDesignerContainer[0]/TitledPane#processDesignerRoot[0]/javafx.scene.control.skin.TitledPaneSkin$1[0]/VBox[4]/SplitPane#designerSplitPane[0]/Content[0]/VBox#palettePanel[2]/ScrollPane[0]/javafx.scene.control.skin.ScrollPaneSkin$5[0]/javafx.scene.control.skin.ScrollPaneSkin$6[0]/VBox#paletteItemsContainer[201]/HBox[1]/VBox[0]/Label	wrap: false -> true	El título o categoría de paleta admite varias líneas dentro de su columna.
process	1772	1772	theme-light.css Process Designer /StackPane#rootStackPane[0]/BorderPane#mainPane[1]/ResponsiveWorkspaceSplitPane#workspaceSplitPane[1]/Content[0]/VBox#mainContentArea[5]/ScrollPane#mainScrollPane[0]/javafx.scene.control.skin.ScrollPaneSkin$5[0]/javafx.scene.control.skin.ScrollPaneSkin$6[0]/VBox#contentContainer[18]/ModuleHost#processDesignerContainer[0]/TitledPane#processDesignerRoot[0]/javafx.scene.control.skin.TitledPaneSkin$1[0]/VBox[4]/SplitPane#designerSplitPane[0]/Content[0]/VBox#palettePanel[2]/ScrollPane[0]/javafx.scene.control.skin.ScrollPaneSkin$5[0]/javafx.scene.control.skin.ScrollPaneSkin$6[0]/VBox#paletteItemsContainer[202]/Label	wrap: false -> true	El título o categoría de paleta admite varias líneas dentro de su columna.
process	1775	1775	theme-light.css Process Designer /StackPane#rootStackPane[0]/BorderPane#mainPane[1]/ResponsiveWorkspaceSplitPane#workspaceSplitPane[1]/Content[0]/VBox#mainContentArea[5]/ScrollPane#mainScrollPane[0]/javafx.scene.control.skin.ScrollPaneSkin$5[0]/javafx.scene.control.skin.ScrollPaneSkin$6[0]/VBox#contentContainer[18]/ModuleHost#processDesignerContainer[0]/TitledPane#processDesignerRoot[0]/javafx.scene.control.skin.TitledPaneSkin$1[0]/VBox[4]/SplitPane#designerSplitPane[0]/Content[0]/VBox#palettePanel[2]/ScrollPane[0]/javafx.scene.control.skin.ScrollPaneSkin$5[0]/javafx.scene.control.skin.ScrollPaneSkin$6[0]/VBox#paletteItemsContainer[203]/HBox[0]/Label	minW: -1.0 -> 18.0	Reserva 18 px para el icono de paleta, sin cambiar su fuente.
process	1778	1778	theme-light.css Process Designer /StackPane#rootStackPane[0]/BorderPane#mainPane[1]/ResponsiveWorkspaceSplitPane#workspaceSplitPane[1]/Content[0]/VBox#mainContentArea[5]/ScrollPane#mainScrollPane[0]/javafx.scene.control.skin.ScrollPaneSkin$5[0]/javafx.scene.control.skin.ScrollPaneSkin$6[0]/VBox#contentContainer[18]/ModuleHost#processDesignerContainer[0]/TitledPane#processDesignerRoot[0]/javafx.scene.control.skin.TitledPaneSkin$1[0]/VBox[4]/SplitPane#designerSplitPane[0]/Content[0]/VBox#palettePanel[2]/ScrollPane[0]/javafx.scene.control.skin.ScrollPaneSkin$5[0]/javafx.scene.control.skin.ScrollPaneSkin$6[0]/VBox#paletteItemsContainer[203]/HBox[1]/VBox[0]/Label	wrap: false -> true	El título o categoría de paleta admite varias líneas dentro de su columna.
process	1783	1783	theme-light.css Process Designer /StackPane#rootStackPane[0]/BorderPane#mainPane[1]/ResponsiveWorkspaceSplitPane#workspaceSplitPane[1]/Content[0]/VBox#mainContentArea[5]/ScrollPane#mainScrollPane[0]/javafx.scene.control.skin.ScrollPaneSkin$5[0]/javafx.scene.control.skin.ScrollPaneSkin$6[0]/VBox#contentContainer[18]/ModuleHost#processDesignerContainer[0]/TitledPane#processDesignerRoot[0]/javafx.scene.control.skin.TitledPaneSkin$1[0]/VBox[4]/SplitPane#designerSplitPane[0]/Content[0]/VBox#palettePanel[2]/ScrollPane[0]/javafx.scene.control.skin.ScrollPaneSkin$5[0]/javafx.scene.control.skin.ScrollPaneSkin$6[0]/VBox#paletteItemsContainer[204]/HBox[0]/Label	minW: -1.0 -> 18.0	Reserva 18 px para el icono de paleta, sin cambiar su fuente.
process	1786	1786	theme-light.css Process Designer /StackPane#rootStackPane[0]/BorderPane#mainPane[1]/ResponsiveWorkspaceSplitPane#workspaceSplitPane[1]/Content[0]/VBox#mainContentArea[5]/ScrollPane#mainScrollPane[0]/javafx.scene.control.skin.ScrollPaneSkin$5[0]/javafx.scene.control.skin.ScrollPaneSkin$6[0]/VBox#contentContainer[18]/ModuleHost#processDesignerContainer[0]/TitledPane#processDesignerRoot[0]/javafx.scene.control.skin.TitledPaneSkin$1[0]/VBox[4]/SplitPane#designerSplitPane[0]/Content[0]/VBox#palettePanel[2]/ScrollPane[0]/javafx.scene.control.skin.ScrollPaneSkin$5[0]/javafx.scene.control.skin.ScrollPaneSkin$6[0]/VBox#paletteItemsContainer[204]/HBox[1]/VBox[0]/Label	wrap: false -> true	El título o categoría de paleta admite varias líneas dentro de su columna.
process	1791	1791	theme-light.css Process Designer /StackPane#rootStackPane[0]/BorderPane#mainPane[1]/ResponsiveWorkspaceSplitPane#workspaceSplitPane[1]/Content[0]/VBox#mainContentArea[5]/ScrollPane#mainScrollPane[0]/javafx.scene.control.skin.ScrollPaneSkin$5[0]/javafx.scene.control.skin.ScrollPaneSkin$6[0]/VBox#contentContainer[18]/ModuleHost#processDesignerContainer[0]/TitledPane#processDesignerRoot[0]/javafx.scene.control.skin.TitledPaneSkin$1[0]/VBox[4]/SplitPane#designerSplitPane[0]/Content[0]/VBox#palettePanel[2]/ScrollPane[0]/javafx.scene.control.skin.ScrollPaneSkin$5[0]/javafx.scene.control.skin.ScrollPaneSkin$6[0]/VBox#paletteItemsContainer[205]/HBox[0]/Label	minW: -1.0 -> 18.0	Reserva 18 px para el icono de paleta, sin cambiar su fuente.
process	1794	1794	theme-light.css Process Designer /StackPane#rootStackPane[0]/BorderPane#mainPane[1]/ResponsiveWorkspaceSplitPane#workspaceSplitPane[1]/Content[0]/VBox#mainContentArea[5]/ScrollPane#mainScrollPane[0]/javafx.scene.control.skin.ScrollPaneSkin$5[0]/javafx.scene.control.skin.ScrollPaneSkin$6[0]/VBox#contentContainer[18]/ModuleHost#processDesignerContainer[0]/TitledPane#processDesignerRoot[0]/javafx.scene.control.skin.TitledPaneSkin$1[0]/VBox[4]/SplitPane#designerSplitPane[0]/Content[0]/VBox#palettePanel[2]/ScrollPane[0]/javafx.scene.control.skin.ScrollPaneSkin$5[0]/javafx.scene.control.skin.ScrollPaneSkin$6[0]/VBox#paletteItemsContainer[205]/HBox[1]/VBox[0]/Label	wrap: false -> true	El título o categoría de paleta admite varias líneas dentro de su columna.
process	1799	1799	theme-light.css Process Designer /StackPane#rootStackPane[0]/BorderPane#mainPane[1]/ResponsiveWorkspaceSplitPane#workspaceSplitPane[1]/Content[0]/VBox#mainContentArea[5]/ScrollPane#mainScrollPane[0]/javafx.scene.control.skin.ScrollPaneSkin$5[0]/javafx.scene.control.skin.ScrollPaneSkin$6[0]/VBox#contentContainer[18]/ModuleHost#processDesignerContainer[0]/TitledPane#processDesignerRoot[0]/javafx.scene.control.skin.TitledPaneSkin$1[0]/VBox[4]/SplitPane#designerSplitPane[0]/Content[0]/VBox#palettePanel[2]/ScrollPane[0]/javafx.scene.control.skin.ScrollPaneSkin$5[0]/javafx.scene.control.skin.ScrollPaneSkin$6[0]/VBox#paletteItemsContainer[206]/HBox[0]/Label	minW: -1.0 -> 18.0	Reserva 18 px para el icono de paleta, sin cambiar su fuente.
process	1802	1802	theme-light.css Process Designer /StackPane#rootStackPane[0]/BorderPane#mainPane[1]/ResponsiveWorkspaceSplitPane#workspaceSplitPane[1]/Content[0]/VBox#mainContentArea[5]/ScrollPane#mainScrollPane[0]/javafx.scene.control.skin.ScrollPaneSkin$5[0]/javafx.scene.control.skin.ScrollPaneSkin$6[0]/VBox#contentContainer[18]/ModuleHost#processDesignerContainer[0]/TitledPane#processDesignerRoot[0]/javafx.scene.control.skin.TitledPaneSkin$1[0]/VBox[4]/SplitPane#designerSplitPane[0]/Content[0]/VBox#palettePanel[2]/ScrollPane[0]/javafx.scene.control.skin.ScrollPaneSkin$5[0]/javafx.scene.control.skin.ScrollPaneSkin$6[0]/VBox#paletteItemsContainer[206]/HBox[1]/VBox[0]/Label	wrap: false -> true	El título o categoría de paleta admite varias líneas dentro de su columna.
process	1807	1807	theme-light.css Process Designer /StackPane#rootStackPane[0]/BorderPane#mainPane[1]/ResponsiveWorkspaceSplitPane#workspaceSplitPane[1]/Content[0]/VBox#mainContentArea[5]/ScrollPane#mainScrollPane[0]/javafx.scene.control.skin.ScrollPaneSkin$5[0]/javafx.scene.control.skin.ScrollPaneSkin$6[0]/VBox#contentContainer[18]/ModuleHost#processDesignerContainer[0]/TitledPane#processDesignerRoot[0]/javafx.scene.control.skin.TitledPaneSkin$1[0]/VBox[4]/SplitPane#designerSplitPane[0]/Content[0]/VBox#palettePanel[2]/ScrollPane[0]/javafx.scene.control.skin.ScrollPaneSkin$5[0]/javafx.scene.control.skin.ScrollPaneSkin$6[0]/VBox#paletteItemsContainer[207]/HBox[0]/Label	minW: -1.0 -> 18.0	Reserva 18 px para el icono de paleta, sin cambiar su fuente.
process	1810	1810	theme-light.css Process Designer /StackPane#rootStackPane[0]/BorderPane#mainPane[1]/ResponsiveWorkspaceSplitPane#workspaceSplitPane[1]/Content[0]/VBox#mainContentArea[5]/ScrollPane#mainScrollPane[0]/javafx.scene.control.skin.ScrollPaneSkin$5[0]/javafx.scene.control.skin.ScrollPaneSkin$6[0]/VBox#contentContainer[18]/ModuleHost#processDesignerContainer[0]/TitledPane#processDesignerRoot[0]/javafx.scene.control.skin.TitledPaneSkin$1[0]/VBox[4]/SplitPane#designerSplitPane[0]/Content[0]/VBox#palettePanel[2]/ScrollPane[0]/javafx.scene.control.skin.ScrollPaneSkin$5[0]/javafx.scene.control.skin.ScrollPaneSkin$6[0]/VBox#paletteItemsContainer[207]/HBox[1]/VBox[0]/Label	wrap: false -> true	El título o categoría de paleta admite varias líneas dentro de su columna.
process	1815	1815	theme-light.css Process Designer /StackPane#rootStackPane[0]/BorderPane#mainPane[1]/ResponsiveWorkspaceSplitPane#workspaceSplitPane[1]/Content[0]/VBox#mainContentArea[5]/ScrollPane#mainScrollPane[0]/javafx.scene.control.skin.ScrollPaneSkin$5[0]/javafx.scene.control.skin.ScrollPaneSkin$6[0]/VBox#contentContainer[18]/ModuleHost#processDesignerContainer[0]/TitledPane#processDesignerRoot[0]/javafx.scene.control.skin.TitledPaneSkin$1[0]/VBox[4]/SplitPane#designerSplitPane[0]/Content[0]/VBox#palettePanel[2]/ScrollPane[0]/javafx.scene.control.skin.ScrollPaneSkin$5[0]/javafx.scene.control.skin.ScrollPaneSkin$6[0]/VBox#paletteItemsContainer[208]/HBox[0]/Label	minW: -1.0 -> 18.0	Reserva 18 px para el icono de paleta, sin cambiar su fuente.
process	1818	1818	theme-light.css Process Designer /StackPane#rootStackPane[0]/BorderPane#mainPane[1]/ResponsiveWorkspaceSplitPane#workspaceSplitPane[1]/Content[0]/VBox#mainContentArea[5]/ScrollPane#mainScrollPane[0]/javafx.scene.control.skin.ScrollPaneSkin$5[0]/javafx.scene.control.skin.ScrollPaneSkin$6[0]/VBox#contentContainer[18]/ModuleHost#processDesignerContainer[0]/TitledPane#processDesignerRoot[0]/javafx.scene.control.skin.TitledPaneSkin$1[0]/VBox[4]/SplitPane#designerSplitPane[0]/Content[0]/VBox#palettePanel[2]/ScrollPane[0]/javafx.scene.control.skin.ScrollPaneSkin$5[0]/javafx.scene.control.skin.ScrollPaneSkin$6[0]/VBox#paletteItemsContainer[208]/HBox[1]/VBox[0]/Label	wrap: false -> true	El título o categoría de paleta admite varias líneas dentro de su columna.
process	377	377	theme-light.css Process Designer /StackPane#rootStackPane[0]/BorderPane#mainPane[1]/ResponsiveWorkspaceSplitPane#workspaceSplitPane[1]/Content[0]/VBox#mainContentArea[5]/ScrollPane#mainScrollPane[0]/javafx.scene.control.skin.ScrollPaneSkin$5[0]/javafx.scene.control.skin.ScrollPaneSkin$6[0]/VBox#contentContainer[18]/ModuleHost#processDesignerContainer[0]/TitledPane#processDesignerRoot[0]/javafx.scene.control.skin.TitledPaneSkin$1[0]/VBox[4]/SplitPane#designerSplitPane[0]/Content[0]/VBox#palettePanel[2]/ScrollPane[0]/javafx.scene.control.skin.ScrollPaneSkin$5[0]/javafx.scene.control.skin.ScrollPaneSkin$6[0]/VBox#paletteItemsContainer[20]/HBox[0]/Label	minW: -1.0 -> 18.0	Reserva 18 px para el icono de paleta, sin cambiar su fuente.
process	380	380	theme-light.css Process Designer /StackPane#rootStackPane[0]/BorderPane#mainPane[1]/ResponsiveWorkspaceSplitPane#workspaceSplitPane[1]/Content[0]/VBox#mainContentArea[5]/ScrollPane#mainScrollPane[0]/javafx.scene.control.skin.ScrollPaneSkin$5[0]/javafx.scene.control.skin.ScrollPaneSkin$6[0]/VBox#contentContainer[18]/ModuleHost#processDesignerContainer[0]/TitledPane#processDesignerRoot[0]/javafx.scene.control.skin.TitledPaneSkin$1[0]/VBox[4]/SplitPane#designerSplitPane[0]/Content[0]/VBox#palettePanel[2]/ScrollPane[0]/javafx.scene.control.skin.ScrollPaneSkin$5[0]/javafx.scene.control.skin.ScrollPaneSkin$6[0]/VBox#paletteItemsContainer[20]/HBox[1]/VBox[0]/Label	wrap: false -> true	El título o categoría de paleta admite varias líneas dentro de su columna.
process	385	385	theme-light.css Process Designer /StackPane#rootStackPane[0]/BorderPane#mainPane[1]/ResponsiveWorkspaceSplitPane#workspaceSplitPane[1]/Content[0]/VBox#mainContentArea[5]/ScrollPane#mainScrollPane[0]/javafx.scene.control.skin.ScrollPaneSkin$5[0]/javafx.scene.control.skin.ScrollPaneSkin$6[0]/VBox#contentContainer[18]/ModuleHost#processDesignerContainer[0]/TitledPane#processDesignerRoot[0]/javafx.scene.control.skin.TitledPaneSkin$1[0]/VBox[4]/SplitPane#designerSplitPane[0]/Content[0]/VBox#palettePanel[2]/ScrollPane[0]/javafx.scene.control.skin.ScrollPaneSkin$5[0]/javafx.scene.control.skin.ScrollPaneSkin$6[0]/VBox#paletteItemsContainer[21]/HBox[0]/Label	minW: -1.0 -> 18.0	Reserva 18 px para el icono de paleta, sin cambiar su fuente.
process	388	388	theme-light.css Process Designer /StackPane#rootStackPane[0]/BorderPane#mainPane[1]/ResponsiveWorkspaceSplitPane#workspaceSplitPane[1]/Content[0]/VBox#mainContentArea[5]/ScrollPane#mainScrollPane[0]/javafx.scene.control.skin.ScrollPaneSkin$5[0]/javafx.scene.control.skin.ScrollPaneSkin$6[0]/VBox#contentContainer[18]/ModuleHost#processDesignerContainer[0]/TitledPane#processDesignerRoot[0]/javafx.scene.control.skin.TitledPaneSkin$1[0]/VBox[4]/SplitPane#designerSplitPane[0]/Content[0]/VBox#palettePanel[2]/ScrollPane[0]/javafx.scene.control.skin.ScrollPaneSkin$5[0]/javafx.scene.control.skin.ScrollPaneSkin$6[0]/VBox#paletteItemsContainer[21]/HBox[1]/VBox[0]/Label	wrap: false -> true	El título o categoría de paleta admite varias líneas dentro de su columna.
process	393	393	theme-light.css Process Designer /StackPane#rootStackPane[0]/BorderPane#mainPane[1]/ResponsiveWorkspaceSplitPane#workspaceSplitPane[1]/Content[0]/VBox#mainContentArea[5]/ScrollPane#mainScrollPane[0]/javafx.scene.control.skin.ScrollPaneSkin$5[0]/javafx.scene.control.skin.ScrollPaneSkin$6[0]/VBox#contentContainer[18]/ModuleHost#processDesignerContainer[0]/TitledPane#processDesignerRoot[0]/javafx.scene.control.skin.TitledPaneSkin$1[0]/VBox[4]/SplitPane#designerSplitPane[0]/Content[0]/VBox#palettePanel[2]/ScrollPane[0]/javafx.scene.control.skin.ScrollPaneSkin$5[0]/javafx.scene.control.skin.ScrollPaneSkin$6[0]/VBox#paletteItemsContainer[22]/HBox[0]/Label	minW: -1.0 -> 18.0	Reserva 18 px para el icono de paleta, sin cambiar su fuente.
process	396	396	theme-light.css Process Designer /StackPane#rootStackPane[0]/BorderPane#mainPane[1]/ResponsiveWorkspaceSplitPane#workspaceSplitPane[1]/Content[0]/VBox#mainContentArea[5]/ScrollPane#mainScrollPane[0]/javafx.scene.control.skin.ScrollPaneSkin$5[0]/javafx.scene.control.skin.ScrollPaneSkin$6[0]/VBox#contentContainer[18]/ModuleHost#processDesignerContainer[0]/TitledPane#processDesignerRoot[0]/javafx.scene.control.skin.TitledPaneSkin$1[0]/VBox[4]/SplitPane#designerSplitPane[0]/Content[0]/VBox#palettePanel[2]/ScrollPane[0]/javafx.scene.control.skin.ScrollPaneSkin$5[0]/javafx.scene.control.skin.ScrollPaneSkin$6[0]/VBox#paletteItemsContainer[22]/HBox[1]/VBox[0]/Label	wrap: false -> true	El título o categoría de paleta admite varias líneas dentro de su columna.
process	401	401	theme-light.css Process Designer /StackPane#rootStackPane[0]/BorderPane#mainPane[1]/ResponsiveWorkspaceSplitPane#workspaceSplitPane[1]/Content[0]/VBox#mainContentArea[5]/ScrollPane#mainScrollPane[0]/javafx.scene.control.skin.ScrollPaneSkin$5[0]/javafx.scene.control.skin.ScrollPaneSkin$6[0]/VBox#contentContainer[18]/ModuleHost#processDesignerContainer[0]/TitledPane#processDesignerRoot[0]/javafx.scene.control.skin.TitledPaneSkin$1[0]/VBox[4]/SplitPane#designerSplitPane[0]/Content[0]/VBox#palettePanel[2]/ScrollPane[0]/javafx.scene.control.skin.ScrollPaneSkin$5[0]/javafx.scene.control.skin.ScrollPaneSkin$6[0]/VBox#paletteItemsContainer[23]/HBox[0]/Label	minW: -1.0 -> 18.0	Reserva 18 px para el icono de paleta, sin cambiar su fuente.
process	404	404	theme-light.css Process Designer /StackPane#rootStackPane[0]/BorderPane#mainPane[1]/ResponsiveWorkspaceSplitPane#workspaceSplitPane[1]/Content[0]/VBox#mainContentArea[5]/ScrollPane#mainScrollPane[0]/javafx.scene.control.skin.ScrollPaneSkin$5[0]/javafx.scene.control.skin.ScrollPaneSkin$6[0]/VBox#contentContainer[18]/ModuleHost#processDesignerContainer[0]/TitledPane#processDesignerRoot[0]/javafx.scene.control.skin.TitledPaneSkin$1[0]/VBox[4]/SplitPane#designerSplitPane[0]/Content[0]/VBox#palettePanel[2]/ScrollPane[0]/javafx.scene.control.skin.ScrollPaneSkin$5[0]/javafx.scene.control.skin.ScrollPaneSkin$6[0]/VBox#paletteItemsContainer[23]/HBox[1]/VBox[0]/Label	wrap: false -> true	El título o categoría de paleta admite varias líneas dentro de su columna.
process	409	409	theme-light.css Process Designer /StackPane#rootStackPane[0]/BorderPane#mainPane[1]/ResponsiveWorkspaceSplitPane#workspaceSplitPane[1]/Content[0]/VBox#mainContentArea[5]/ScrollPane#mainScrollPane[0]/javafx.scene.control.skin.ScrollPaneSkin$5[0]/javafx.scene.control.skin.ScrollPaneSkin$6[0]/VBox#contentContainer[18]/ModuleHost#processDesignerContainer[0]/TitledPane#processDesignerRoot[0]/javafx.scene.control.skin.TitledPaneSkin$1[0]/VBox[4]/SplitPane#designerSplitPane[0]/Content[0]/VBox#palettePanel[2]/ScrollPane[0]/javafx.scene.control.skin.ScrollPaneSkin$5[0]/javafx.scene.control.skin.ScrollPaneSkin$6[0]/VBox#paletteItemsContainer[24]/HBox[0]/Label	minW: -1.0 -> 18.0	Reserva 18 px para el icono de paleta, sin cambiar su fuente.
process	412	412	theme-light.css Process Designer /StackPane#rootStackPane[0]/BorderPane#mainPane[1]/ResponsiveWorkspaceSplitPane#workspaceSplitPane[1]/Content[0]/VBox#mainContentArea[5]/ScrollPane#mainScrollPane[0]/javafx.scene.control.skin.ScrollPaneSkin$5[0]/javafx.scene.control.skin.ScrollPaneSkin$6[0]/VBox#contentContainer[18]/ModuleHost#processDesignerContainer[0]/TitledPane#processDesignerRoot[0]/javafx.scene.control.skin.TitledPaneSkin$1[0]/VBox[4]/SplitPane#designerSplitPane[0]/Content[0]/VBox#palettePanel[2]/ScrollPane[0]/javafx.scene.control.skin.ScrollPaneSkin$5[0]/javafx.scene.control.skin.ScrollPaneSkin$6[0]/VBox#paletteItemsContainer[24]/HBox[1]/VBox[0]/Label	wrap: false -> true	El título o categoría de paleta admite varias líneas dentro de su columna.
process	417	417	theme-light.css Process Designer /StackPane#rootStackPane[0]/BorderPane#mainPane[1]/ResponsiveWorkspaceSplitPane#workspaceSplitPane[1]/Content[0]/VBox#mainContentArea[5]/ScrollPane#mainScrollPane[0]/javafx.scene.control.skin.ScrollPaneSkin$5[0]/javafx.scene.control.skin.ScrollPaneSkin$6[0]/VBox#contentContainer[18]/ModuleHost#processDesignerContainer[0]/TitledPane#processDesignerRoot[0]/javafx.scene.control.skin.TitledPaneSkin$1[0]/VBox[4]/SplitPane#designerSplitPane[0]/Content[0]/VBox#palettePanel[2]/ScrollPane[0]/javafx.scene.control.skin.ScrollPaneSkin$5[0]/javafx.scene.control.skin.ScrollPaneSkin$6[0]/VBox#paletteItemsContainer[25]/HBox[0]/Label	minW: -1.0 -> 18.0	Reserva 18 px para el icono de paleta, sin cambiar su fuente.
process	420	420	theme-light.css Process Designer /StackPane#rootStackPane[0]/BorderPane#mainPane[1]/ResponsiveWorkspaceSplitPane#workspaceSplitPane[1]/Content[0]/VBox#mainContentArea[5]/ScrollPane#mainScrollPane[0]/javafx.scene.control.skin.ScrollPaneSkin$5[0]/javafx.scene.control.skin.ScrollPaneSkin$6[0]/VBox#contentContainer[18]/ModuleHost#processDesignerContainer[0]/TitledPane#processDesignerRoot[0]/javafx.scene.control.skin.TitledPaneSkin$1[0]/VBox[4]/SplitPane#designerSplitPane[0]/Content[0]/VBox#palettePanel[2]/ScrollPane[0]/javafx.scene.control.skin.ScrollPaneSkin$5[0]/javafx.scene.control.skin.ScrollPaneSkin$6[0]/VBox#paletteItemsContainer[25]/HBox[1]/VBox[0]/Label	wrap: false -> true	El título o categoría de paleta admite varias líneas dentro de su columna.
process	425	425	theme-light.css Process Designer /StackPane#rootStackPane[0]/BorderPane#mainPane[1]/ResponsiveWorkspaceSplitPane#workspaceSplitPane[1]/Content[0]/VBox#mainContentArea[5]/ScrollPane#mainScrollPane[0]/javafx.scene.control.skin.ScrollPaneSkin$5[0]/javafx.scene.control.skin.ScrollPaneSkin$6[0]/VBox#contentContainer[18]/ModuleHost#processDesignerContainer[0]/TitledPane#processDesignerRoot[0]/javafx.scene.control.skin.TitledPaneSkin$1[0]/VBox[4]/SplitPane#designerSplitPane[0]/Content[0]/VBox#palettePanel[2]/ScrollPane[0]/javafx.scene.control.skin.ScrollPaneSkin$5[0]/javafx.scene.control.skin.ScrollPaneSkin$6[0]/VBox#paletteItemsContainer[26]/HBox[0]/Label	minW: -1.0 -> 18.0	Reserva 18 px para el icono de paleta, sin cambiar su fuente.
process	428	428	theme-light.css Process Designer /StackPane#rootStackPane[0]/BorderPane#mainPane[1]/ResponsiveWorkspaceSplitPane#workspaceSplitPane[1]/Content[0]/VBox#mainContentArea[5]/ScrollPane#mainScrollPane[0]/javafx.scene.control.skin.ScrollPaneSkin$5[0]/javafx.scene.control.skin.ScrollPaneSkin$6[0]/VBox#contentContainer[18]/ModuleHost#processDesignerContainer[0]/TitledPane#processDesignerRoot[0]/javafx.scene.control.skin.TitledPaneSkin$1[0]/VBox[4]/SplitPane#designerSplitPane[0]/Content[0]/VBox#palettePanel[2]/ScrollPane[0]/javafx.scene.control.skin.ScrollPaneSkin$5[0]/javafx.scene.control.skin.ScrollPaneSkin$6[0]/VBox#paletteItemsContainer[26]/HBox[1]/VBox[0]/Label	wrap: false -> true	El título o categoría de paleta admite varias líneas dentro de su columna.
process	433	433	theme-light.css Process Designer /StackPane#rootStackPane[0]/BorderPane#mainPane[1]/ResponsiveWorkspaceSplitPane#workspaceSplitPane[1]/Content[0]/VBox#mainContentArea[5]/ScrollPane#mainScrollPane[0]/javafx.scene.control.skin.ScrollPaneSkin$5[0]/javafx.scene.control.skin.ScrollPaneSkin$6[0]/VBox#contentContainer[18]/ModuleHost#processDesignerContainer[0]/TitledPane#processDesignerRoot[0]/javafx.scene.control.skin.TitledPaneSkin$1[0]/VBox[4]/SplitPane#designerSplitPane[0]/Content[0]/VBox#palettePanel[2]/ScrollPane[0]/javafx.scene.control.skin.ScrollPaneSkin$5[0]/javafx.scene.control.skin.ScrollPaneSkin$6[0]/VBox#paletteItemsContainer[27]/HBox[0]/Label	minW: -1.0 -> 18.0	Reserva 18 px para el icono de paleta, sin cambiar su fuente.
process	436	436	theme-light.css Process Designer /StackPane#rootStackPane[0]/BorderPane#mainPane[1]/ResponsiveWorkspaceSplitPane#workspaceSplitPane[1]/Content[0]/VBox#mainContentArea[5]/ScrollPane#mainScrollPane[0]/javafx.scene.control.skin.ScrollPaneSkin$5[0]/javafx.scene.control.skin.ScrollPaneSkin$6[0]/VBox#contentContainer[18]/ModuleHost#processDesignerContainer[0]/TitledPane#processDesignerRoot[0]/javafx.scene.control.skin.TitledPaneSkin$1[0]/VBox[4]/SplitPane#designerSplitPane[0]/Content[0]/VBox#palettePanel[2]/ScrollPane[0]/javafx.scene.control.skin.ScrollPaneSkin$5[0]/javafx.scene.control.skin.ScrollPaneSkin$6[0]/VBox#paletteItemsContainer[27]/HBox[1]/VBox[0]/Label	wrap: false -> true	El título o categoría de paleta admite varias líneas dentro de su columna.
process	441	441	theme-light.css Process Designer /StackPane#rootStackPane[0]/BorderPane#mainPane[1]/ResponsiveWorkspaceSplitPane#workspaceSplitPane[1]/Content[0]/VBox#mainContentArea[5]/ScrollPane#mainScrollPane[0]/javafx.scene.control.skin.ScrollPaneSkin$5[0]/javafx.scene.control.skin.ScrollPaneSkin$6[0]/VBox#contentContainer[18]/ModuleHost#processDesignerContainer[0]/TitledPane#processDesignerRoot[0]/javafx.scene.control.skin.TitledPaneSkin$1[0]/VBox[4]/SplitPane#designerSplitPane[0]/Content[0]/VBox#palettePanel[2]/ScrollPane[0]/javafx.scene.control.skin.ScrollPaneSkin$5[0]/javafx.scene.control.skin.ScrollPaneSkin$6[0]/VBox#paletteItemsContainer[28]/HBox[0]/Label	minW: -1.0 -> 18.0	Reserva 18 px para el icono de paleta, sin cambiar su fuente.
process	444	444	theme-light.css Process Designer /StackPane#rootStackPane[0]/BorderPane#mainPane[1]/ResponsiveWorkspaceSplitPane#workspaceSplitPane[1]/Content[0]/VBox#mainContentArea[5]/ScrollPane#mainScrollPane[0]/javafx.scene.control.skin.ScrollPaneSkin$5[0]/javafx.scene.control.skin.ScrollPaneSkin$6[0]/VBox#contentContainer[18]/ModuleHost#processDesignerContainer[0]/TitledPane#processDesignerRoot[0]/javafx.scene.control.skin.TitledPaneSkin$1[0]/VBox[4]/SplitPane#designerSplitPane[0]/Content[0]/VBox#palettePanel[2]/ScrollPane[0]/javafx.scene.control.skin.ScrollPaneSkin$5[0]/javafx.scene.control.skin.ScrollPaneSkin$6[0]/VBox#paletteItemsContainer[28]/HBox[1]/VBox[0]/Label	wrap: false -> true	El título o categoría de paleta admite varias líneas dentro de su columna.
process	449	449	theme-light.css Process Designer /StackPane#rootStackPane[0]/BorderPane#mainPane[1]/ResponsiveWorkspaceSplitPane#workspaceSplitPane[1]/Content[0]/VBox#mainContentArea[5]/ScrollPane#mainScrollPane[0]/javafx.scene.control.skin.ScrollPaneSkin$5[0]/javafx.scene.control.skin.ScrollPaneSkin$6[0]/VBox#contentContainer[18]/ModuleHost#processDesignerContainer[0]/TitledPane#processDesignerRoot[0]/javafx.scene.control.skin.TitledPaneSkin$1[0]/VBox[4]/SplitPane#designerSplitPane[0]/Content[0]/VBox#palettePanel[2]/ScrollPane[0]/javafx.scene.control.skin.ScrollPaneSkin$5[0]/javafx.scene.control.skin.ScrollPaneSkin$6[0]/VBox#paletteItemsContainer[29]/HBox[0]/Label	minW: -1.0 -> 18.0	Reserva 18 px para el icono de paleta, sin cambiar su fuente.
process	452	452	theme-light.css Process Designer /StackPane#rootStackPane[0]/BorderPane#mainPane[1]/ResponsiveWorkspaceSplitPane#workspaceSplitPane[1]/Content[0]/VBox#mainContentArea[5]/ScrollPane#mainScrollPane[0]/javafx.scene.control.skin.ScrollPaneSkin$5[0]/javafx.scene.control.skin.ScrollPaneSkin$6[0]/VBox#contentContainer[18]/ModuleHost#processDesignerContainer[0]/TitledPane#processDesignerRoot[0]/javafx.scene.control.skin.TitledPaneSkin$1[0]/VBox[4]/SplitPane#designerSplitPane[0]/Content[0]/VBox#palettePanel[2]/ScrollPane[0]/javafx.scene.control.skin.ScrollPaneSkin$5[0]/javafx.scene.control.skin.ScrollPaneSkin$6[0]/VBox#paletteItemsContainer[29]/HBox[1]/VBox[0]/Label	wrap: false -> true	El título o categoría de paleta admite varias líneas dentro de su columna.
process	251	251	theme-light.css Process Designer /StackPane#rootStackPane[0]/BorderPane#mainPane[1]/ResponsiveWorkspaceSplitPane#workspaceSplitPane[1]/Content[0]/VBox#mainContentArea[5]/ScrollPane#mainScrollPane[0]/javafx.scene.control.skin.ScrollPaneSkin$5[0]/javafx.scene.control.skin.ScrollPaneSkin$6[0]/VBox#contentContainer[18]/ModuleHost#processDesignerContainer[0]/TitledPane#processDesignerRoot[0]/javafx.scene.control.skin.TitledPaneSkin$1[0]/VBox[4]/SplitPane#designerSplitPane[0]/Content[0]/VBox#palettePanel[2]/ScrollPane[0]/javafx.scene.control.skin.ScrollPaneSkin$5[0]/javafx.scene.control.skin.ScrollPaneSkin$6[0]/VBox#paletteItemsContainer[2]/HBox[0]/Label	minW: -1.0 -> 18.0	Reserva 18 px para el icono de paleta, sin cambiar su fuente.
process	254	254	theme-light.css Process Designer /StackPane#rootStackPane[0]/BorderPane#mainPane[1]/ResponsiveWorkspaceSplitPane#workspaceSplitPane[1]/Content[0]/VBox#mainContentArea[5]/ScrollPane#mainScrollPane[0]/javafx.scene.control.skin.ScrollPaneSkin$5[0]/javafx.scene.control.skin.ScrollPaneSkin$6[0]/VBox#contentContainer[18]/ModuleHost#processDesignerContainer[0]/TitledPane#processDesignerRoot[0]/javafx.scene.control.skin.TitledPaneSkin$1[0]/VBox[4]/SplitPane#designerSplitPane[0]/Content[0]/VBox#palettePanel[2]/ScrollPane[0]/javafx.scene.control.skin.ScrollPaneSkin$5[0]/javafx.scene.control.skin.ScrollPaneSkin$6[0]/VBox#paletteItemsContainer[2]/HBox[1]/VBox[0]/Label	wrap: false -> true	El título o categoría de paleta admite varias líneas dentro de su columna.
process	457	457	theme-light.css Process Designer /StackPane#rootStackPane[0]/BorderPane#mainPane[1]/ResponsiveWorkspaceSplitPane#workspaceSplitPane[1]/Content[0]/VBox#mainContentArea[5]/ScrollPane#mainScrollPane[0]/javafx.scene.control.skin.ScrollPaneSkin$5[0]/javafx.scene.control.skin.ScrollPaneSkin$6[0]/VBox#contentContainer[18]/ModuleHost#processDesignerContainer[0]/TitledPane#processDesignerRoot[0]/javafx.scene.control.skin.TitledPaneSkin$1[0]/VBox[4]/SplitPane#designerSplitPane[0]/Content[0]/VBox#palettePanel[2]/ScrollPane[0]/javafx.scene.control.skin.ScrollPaneSkin$5[0]/javafx.scene.control.skin.ScrollPaneSkin$6[0]/VBox#paletteItemsContainer[30]/HBox[0]/Label	minW: -1.0 -> 18.0	Reserva 18 px para el icono de paleta, sin cambiar su fuente.
process	460	460	theme-light.css Process Designer /StackPane#rootStackPane[0]/BorderPane#mainPane[1]/ResponsiveWorkspaceSplitPane#workspaceSplitPane[1]/Content[0]/VBox#mainContentArea[5]/ScrollPane#mainScrollPane[0]/javafx.scene.control.skin.ScrollPaneSkin$5[0]/javafx.scene.control.skin.ScrollPaneSkin$6[0]/VBox#contentContainer[18]/ModuleHost#processDesignerContainer[0]/TitledPane#processDesignerRoot[0]/javafx.scene.control.skin.TitledPaneSkin$1[0]/VBox[4]/SplitPane#designerSplitPane[0]/Content[0]/VBox#palettePanel[2]/ScrollPane[0]/javafx.scene.control.skin.ScrollPaneSkin$5[0]/javafx.scene.control.skin.ScrollPaneSkin$6[0]/VBox#paletteItemsContainer[30]/HBox[1]/VBox[0]/Label	wrap: false -> true	El título o categoría de paleta admite varias líneas dentro de su columna.
process	465	465	theme-light.css Process Designer /StackPane#rootStackPane[0]/BorderPane#mainPane[1]/ResponsiveWorkspaceSplitPane#workspaceSplitPane[1]/Content[0]/VBox#mainContentArea[5]/ScrollPane#mainScrollPane[0]/javafx.scene.control.skin.ScrollPaneSkin$5[0]/javafx.scene.control.skin.ScrollPaneSkin$6[0]/VBox#contentContainer[18]/ModuleHost#processDesignerContainer[0]/TitledPane#processDesignerRoot[0]/javafx.scene.control.skin.TitledPaneSkin$1[0]/VBox[4]/SplitPane#designerSplitPane[0]/Content[0]/VBox#palettePanel[2]/ScrollPane[0]/javafx.scene.control.skin.ScrollPaneSkin$5[0]/javafx.scene.control.skin.ScrollPaneSkin$6[0]/VBox#paletteItemsContainer[31]/HBox[0]/Label	minW: -1.0 -> 18.0	Reserva 18 px para el icono de paleta, sin cambiar su fuente.
process	468	468	theme-light.css Process Designer /StackPane#rootStackPane[0]/BorderPane#mainPane[1]/ResponsiveWorkspaceSplitPane#workspaceSplitPane[1]/Content[0]/VBox#mainContentArea[5]/ScrollPane#mainScrollPane[0]/javafx.scene.control.skin.ScrollPaneSkin$5[0]/javafx.scene.control.skin.ScrollPaneSkin$6[0]/VBox#contentContainer[18]/ModuleHost#processDesignerContainer[0]/TitledPane#processDesignerRoot[0]/javafx.scene.control.skin.TitledPaneSkin$1[0]/VBox[4]/SplitPane#designerSplitPane[0]/Content[0]/VBox#palettePanel[2]/ScrollPane[0]/javafx.scene.control.skin.ScrollPaneSkin$5[0]/javafx.scene.control.skin.ScrollPaneSkin$6[0]/VBox#paletteItemsContainer[31]/HBox[1]/VBox[0]/Label	wrap: false -> true	El título o categoría de paleta admite varias líneas dentro de su columna.
process	473	473	theme-light.css Process Designer /StackPane#rootStackPane[0]/BorderPane#mainPane[1]/ResponsiveWorkspaceSplitPane#workspaceSplitPane[1]/Content[0]/VBox#mainContentArea[5]/ScrollPane#mainScrollPane[0]/javafx.scene.control.skin.ScrollPaneSkin$5[0]/javafx.scene.control.skin.ScrollPaneSkin$6[0]/VBox#contentContainer[18]/ModuleHost#processDesignerContainer[0]/TitledPane#processDesignerRoot[0]/javafx.scene.control.skin.TitledPaneSkin$1[0]/VBox[4]/SplitPane#designerSplitPane[0]/Content[0]/VBox#palettePanel[2]/ScrollPane[0]/javafx.scene.control.skin.ScrollPaneSkin$5[0]/javafx.scene.control.skin.ScrollPaneSkin$6[0]/VBox#paletteItemsContainer[32]/HBox[0]/Label	minW: -1.0 -> 18.0	Reserva 18 px para el icono de paleta, sin cambiar su fuente.
process	476	476	theme-light.css Process Designer /StackPane#rootStackPane[0]/BorderPane#mainPane[1]/ResponsiveWorkspaceSplitPane#workspaceSplitPane[1]/Content[0]/VBox#mainContentArea[5]/ScrollPane#mainScrollPane[0]/javafx.scene.control.skin.ScrollPaneSkin$5[0]/javafx.scene.control.skin.ScrollPaneSkin$6[0]/VBox#contentContainer[18]/ModuleHost#processDesignerContainer[0]/TitledPane#processDesignerRoot[0]/javafx.scene.control.skin.TitledPaneSkin$1[0]/VBox[4]/SplitPane#designerSplitPane[0]/Content[0]/VBox#palettePanel[2]/ScrollPane[0]/javafx.scene.control.skin.ScrollPaneSkin$5[0]/javafx.scene.control.skin.ScrollPaneSkin$6[0]/VBox#paletteItemsContainer[32]/HBox[1]/VBox[0]/Label	wrap: false -> true	El título o categoría de paleta admite varias líneas dentro de su columna.
process	481	481	theme-light.css Process Designer /StackPane#rootStackPane[0]/BorderPane#mainPane[1]/ResponsiveWorkspaceSplitPane#workspaceSplitPane[1]/Content[0]/VBox#mainContentArea[5]/ScrollPane#mainScrollPane[0]/javafx.scene.control.skin.ScrollPaneSkin$5[0]/javafx.scene.control.skin.ScrollPaneSkin$6[0]/VBox#contentContainer[18]/ModuleHost#processDesignerContainer[0]/TitledPane#processDesignerRoot[0]/javafx.scene.control.skin.TitledPaneSkin$1[0]/VBox[4]/SplitPane#designerSplitPane[0]/Content[0]/VBox#palettePanel[2]/ScrollPane[0]/javafx.scene.control.skin.ScrollPaneSkin$5[0]/javafx.scene.control.skin.ScrollPaneSkin$6[0]/VBox#paletteItemsContainer[33]/HBox[0]/Label	minW: -1.0 -> 18.0	Reserva 18 px para el icono de paleta, sin cambiar su fuente.
process	484	484	theme-light.css Process Designer /StackPane#rootStackPane[0]/BorderPane#mainPane[1]/ResponsiveWorkspaceSplitPane#workspaceSplitPane[1]/Content[0]/VBox#mainContentArea[5]/ScrollPane#mainScrollPane[0]/javafx.scene.control.skin.ScrollPaneSkin$5[0]/javafx.scene.control.skin.ScrollPaneSkin$6[0]/VBox#contentContainer[18]/ModuleHost#processDesignerContainer[0]/TitledPane#processDesignerRoot[0]/javafx.scene.control.skin.TitledPaneSkin$1[0]/VBox[4]/SplitPane#designerSplitPane[0]/Content[0]/VBox#palettePanel[2]/ScrollPane[0]/javafx.scene.control.skin.ScrollPaneSkin$5[0]/javafx.scene.control.skin.ScrollPaneSkin$6[0]/VBox#paletteItemsContainer[33]/HBox[1]/VBox[0]/Label	wrap: false -> true	El título o categoría de paleta admite varias líneas dentro de su columna.
process	489	489	theme-light.css Process Designer /StackPane#rootStackPane[0]/BorderPane#mainPane[1]/ResponsiveWorkspaceSplitPane#workspaceSplitPane[1]/Content[0]/VBox#mainContentArea[5]/ScrollPane#mainScrollPane[0]/javafx.scene.control.skin.ScrollPaneSkin$5[0]/javafx.scene.control.skin.ScrollPaneSkin$6[0]/VBox#contentContainer[18]/ModuleHost#processDesignerContainer[0]/TitledPane#processDesignerRoot[0]/javafx.scene.control.skin.TitledPaneSkin$1[0]/VBox[4]/SplitPane#designerSplitPane[0]/Content[0]/VBox#palettePanel[2]/ScrollPane[0]/javafx.scene.control.skin.ScrollPaneSkin$5[0]/javafx.scene.control.skin.ScrollPaneSkin$6[0]/VBox#paletteItemsContainer[34]/HBox[0]/Label	minW: -1.0 -> 18.0	Reserva 18 px para el icono de paleta, sin cambiar su fuente.
process	492	492	theme-light.css Process Designer /StackPane#rootStackPane[0]/BorderPane#mainPane[1]/ResponsiveWorkspaceSplitPane#workspaceSplitPane[1]/Content[0]/VBox#mainContentArea[5]/ScrollPane#mainScrollPane[0]/javafx.scene.control.skin.ScrollPaneSkin$5[0]/javafx.scene.control.skin.ScrollPaneSkin$6[0]/VBox#contentContainer[18]/ModuleHost#processDesignerContainer[0]/TitledPane#processDesignerRoot[0]/javafx.scene.control.skin.TitledPaneSkin$1[0]/VBox[4]/SplitPane#designerSplitPane[0]/Content[0]/VBox#palettePanel[2]/ScrollPane[0]/javafx.scene.control.skin.ScrollPaneSkin$5[0]/javafx.scene.control.skin.ScrollPaneSkin$6[0]/VBox#paletteItemsContainer[34]/HBox[1]/VBox[0]/Label	wrap: false -> true	El título o categoría de paleta admite varias líneas dentro de su columna.
process	497	497	theme-light.css Process Designer /StackPane#rootStackPane[0]/BorderPane#mainPane[1]/ResponsiveWorkspaceSplitPane#workspaceSplitPane[1]/Content[0]/VBox#mainContentArea[5]/ScrollPane#mainScrollPane[0]/javafx.scene.control.skin.ScrollPaneSkin$5[0]/javafx.scene.control.skin.ScrollPaneSkin$6[0]/VBox#contentContainer[18]/ModuleHost#processDesignerContainer[0]/TitledPane#processDesignerRoot[0]/javafx.scene.control.skin.TitledPaneSkin$1[0]/VBox[4]/SplitPane#designerSplitPane[0]/Content[0]/VBox#palettePanel[2]/ScrollPane[0]/javafx.scene.control.skin.ScrollPaneSkin$5[0]/javafx.scene.control.skin.ScrollPaneSkin$6[0]/VBox#paletteItemsContainer[35]/HBox[0]/Label	minW: -1.0 -> 18.0	Reserva 18 px para el icono de paleta, sin cambiar su fuente.
process	500	500	theme-light.css Process Designer /StackPane#rootStackPane[0]/BorderPane#mainPane[1]/ResponsiveWorkspaceSplitPane#workspaceSplitPane[1]/Content[0]/VBox#mainContentArea[5]/ScrollPane#mainScrollPane[0]/javafx.scene.control.skin.ScrollPaneSkin$5[0]/javafx.scene.control.skin.ScrollPaneSkin$6[0]/VBox#contentContainer[18]/ModuleHost#processDesignerContainer[0]/TitledPane#processDesignerRoot[0]/javafx.scene.control.skin.TitledPaneSkin$1[0]/VBox[4]/SplitPane#designerSplitPane[0]/Content[0]/VBox#palettePanel[2]/ScrollPane[0]/javafx.scene.control.skin.ScrollPaneSkin$5[0]/javafx.scene.control.skin.ScrollPaneSkin$6[0]/VBox#paletteItemsContainer[35]/HBox[1]/VBox[0]/Label	wrap: false -> true	El título o categoría de paleta admite varias líneas dentro de su columna.
process	505	505	theme-light.css Process Designer /StackPane#rootStackPane[0]/BorderPane#mainPane[1]/ResponsiveWorkspaceSplitPane#workspaceSplitPane[1]/Content[0]/VBox#mainContentArea[5]/ScrollPane#mainScrollPane[0]/javafx.scene.control.skin.ScrollPaneSkin$5[0]/javafx.scene.control.skin.ScrollPaneSkin$6[0]/VBox#contentContainer[18]/ModuleHost#processDesignerContainer[0]/TitledPane#processDesignerRoot[0]/javafx.scene.control.skin.TitledPaneSkin$1[0]/VBox[4]/SplitPane#designerSplitPane[0]/Content[0]/VBox#palettePanel[2]/ScrollPane[0]/javafx.scene.control.skin.ScrollPaneSkin$5[0]/javafx.scene.control.skin.ScrollPaneSkin$6[0]/VBox#paletteItemsContainer[36]/HBox[0]/Label	minW: -1.0 -> 18.0	Reserva 18 px para el icono de paleta, sin cambiar su fuente.
process	508	508	theme-light.css Process Designer /StackPane#rootStackPane[0]/BorderPane#mainPane[1]/ResponsiveWorkspaceSplitPane#workspaceSplitPane[1]/Content[0]/VBox#mainContentArea[5]/ScrollPane#mainScrollPane[0]/javafx.scene.control.skin.ScrollPaneSkin$5[0]/javafx.scene.control.skin.ScrollPaneSkin$6[0]/VBox#contentContainer[18]/ModuleHost#processDesignerContainer[0]/TitledPane#processDesignerRoot[0]/javafx.scene.control.skin.TitledPaneSkin$1[0]/VBox[4]/SplitPane#designerSplitPane[0]/Content[0]/VBox#palettePanel[2]/ScrollPane[0]/javafx.scene.control.skin.ScrollPaneSkin$5[0]/javafx.scene.control.skin.ScrollPaneSkin$6[0]/VBox#paletteItemsContainer[36]/HBox[1]/VBox[0]/Label	wrap: false -> true	El título o categoría de paleta admite varias líneas dentro de su columna.
process	513	513	theme-light.css Process Designer /StackPane#rootStackPane[0]/BorderPane#mainPane[1]/ResponsiveWorkspaceSplitPane#workspaceSplitPane[1]/Content[0]/VBox#mainContentArea[5]/ScrollPane#mainScrollPane[0]/javafx.scene.control.skin.ScrollPaneSkin$5[0]/javafx.scene.control.skin.ScrollPaneSkin$6[0]/VBox#contentContainer[18]/ModuleHost#processDesignerContainer[0]/TitledPane#processDesignerRoot[0]/javafx.scene.control.skin.TitledPaneSkin$1[0]/VBox[4]/SplitPane#designerSplitPane[0]/Content[0]/VBox#palettePanel[2]/ScrollPane[0]/javafx.scene.control.skin.ScrollPaneSkin$5[0]/javafx.scene.control.skin.ScrollPaneSkin$6[0]/VBox#paletteItemsContainer[37]/HBox[0]/Label	minW: -1.0 -> 18.0	Reserva 18 px para el icono de paleta, sin cambiar su fuente.
process	516	516	theme-light.css Process Designer /StackPane#rootStackPane[0]/BorderPane#mainPane[1]/ResponsiveWorkspaceSplitPane#workspaceSplitPane[1]/Content[0]/VBox#mainContentArea[5]/ScrollPane#mainScrollPane[0]/javafx.scene.control.skin.ScrollPaneSkin$5[0]/javafx.scene.control.skin.ScrollPaneSkin$6[0]/VBox#contentContainer[18]/ModuleHost#processDesignerContainer[0]/TitledPane#processDesignerRoot[0]/javafx.scene.control.skin.TitledPaneSkin$1[0]/VBox[4]/SplitPane#designerSplitPane[0]/Content[0]/VBox#palettePanel[2]/ScrollPane[0]/javafx.scene.control.skin.ScrollPaneSkin$5[0]/javafx.scene.control.skin.ScrollPaneSkin$6[0]/VBox#paletteItemsContainer[37]/HBox[1]/VBox[0]/Label	wrap: false -> true	El título o categoría de paleta admite varias líneas dentro de su columna.
process	520	520	theme-light.css Process Designer /StackPane#rootStackPane[0]/BorderPane#mainPane[1]/ResponsiveWorkspaceSplitPane#workspaceSplitPane[1]/Content[0]/VBox#mainContentArea[5]/ScrollPane#mainScrollPane[0]/javafx.scene.control.skin.ScrollPaneSkin$5[0]/javafx.scene.control.skin.ScrollPaneSkin$6[0]/VBox#contentContainer[18]/ModuleHost#processDesignerContainer[0]/TitledPane#processDesignerRoot[0]/javafx.scene.control.skin.TitledPaneSkin$1[0]/VBox[4]/SplitPane#designerSplitPane[0]/Content[0]/VBox#palettePanel[2]/ScrollPane[0]/javafx.scene.control.skin.ScrollPaneSkin$5[0]/javafx.scene.control.skin.ScrollPaneSkin$6[0]/VBox#paletteItemsContainer[38]/Label	wrap: false -> true	El título o categoría de paleta admite varias líneas dentro de su columna.
process	523	523	theme-light.css Process Designer /StackPane#rootStackPane[0]/BorderPane#mainPane[1]/ResponsiveWorkspaceSplitPane#workspaceSplitPane[1]/Content[0]/VBox#mainContentArea[5]/ScrollPane#mainScrollPane[0]/javafx.scene.control.skin.ScrollPaneSkin$5[0]/javafx.scene.control.skin.ScrollPaneSkin$6[0]/VBox#contentContainer[18]/ModuleHost#processDesignerContainer[0]/TitledPane#processDesignerRoot[0]/javafx.scene.control.skin.TitledPaneSkin$1[0]/VBox[4]/SplitPane#designerSplitPane[0]/Content[0]/VBox#palettePanel[2]/ScrollPane[0]/javafx.scene.control.skin.ScrollPaneSkin$5[0]/javafx.scene.control.skin.ScrollPaneSkin$6[0]/VBox#paletteItemsContainer[39]/HBox[0]/Label	minW: -1.0 -> 18.0	Reserva 18 px para el icono de paleta, sin cambiar su fuente.
process	526	526	theme-light.css Process Designer /StackPane#rootStackPane[0]/BorderPane#mainPane[1]/ResponsiveWorkspaceSplitPane#workspaceSplitPane[1]/Content[0]/VBox#mainContentArea[5]/ScrollPane#mainScrollPane[0]/javafx.scene.control.skin.ScrollPaneSkin$5[0]/javafx.scene.control.skin.ScrollPaneSkin$6[0]/VBox#contentContainer[18]/ModuleHost#processDesignerContainer[0]/TitledPane#processDesignerRoot[0]/javafx.scene.control.skin.TitledPaneSkin$1[0]/VBox[4]/SplitPane#designerSplitPane[0]/Content[0]/VBox#palettePanel[2]/ScrollPane[0]/javafx.scene.control.skin.ScrollPaneSkin$5[0]/javafx.scene.control.skin.ScrollPaneSkin$6[0]/VBox#paletteItemsContainer[39]/HBox[1]/VBox[0]/Label	wrap: false -> true	El título o categoría de paleta admite varias líneas dentro de su columna.
process	258	258	theme-light.css Process Designer /StackPane#rootStackPane[0]/BorderPane#mainPane[1]/ResponsiveWorkspaceSplitPane#workspaceSplitPane[1]/Content[0]/VBox#mainContentArea[5]/ScrollPane#mainScrollPane[0]/javafx.scene.control.skin.ScrollPaneSkin$5[0]/javafx.scene.control.skin.ScrollPaneSkin$6[0]/VBox#contentContainer[18]/ModuleHost#processDesignerContainer[0]/TitledPane#processDesignerRoot[0]/javafx.scene.control.skin.TitledPaneSkin$1[0]/VBox[4]/SplitPane#designerSplitPane[0]/Content[0]/VBox#palettePanel[2]/ScrollPane[0]/javafx.scene.control.skin.ScrollPaneSkin$5[0]/javafx.scene.control.skin.ScrollPaneSkin$6[0]/VBox#paletteItemsContainer[3]/Label	wrap: false -> true	El título o categoría de paleta admite varias líneas dentro de su columna.
process	531	531	theme-light.css Process Designer /StackPane#rootStackPane[0]/BorderPane#mainPane[1]/ResponsiveWorkspaceSplitPane#workspaceSplitPane[1]/Content[0]/VBox#mainContentArea[5]/ScrollPane#mainScrollPane[0]/javafx.scene.control.skin.ScrollPaneSkin$5[0]/javafx.scene.control.skin.ScrollPaneSkin$6[0]/VBox#contentContainer[18]/ModuleHost#processDesignerContainer[0]/TitledPane#processDesignerRoot[0]/javafx.scene.control.skin.TitledPaneSkin$1[0]/VBox[4]/SplitPane#designerSplitPane[0]/Content[0]/VBox#palettePanel[2]/ScrollPane[0]/javafx.scene.control.skin.ScrollPaneSkin$5[0]/javafx.scene.control.skin.ScrollPaneSkin$6[0]/VBox#paletteItemsContainer[40]/HBox[0]/Label	minW: -1.0 -> 18.0	Reserva 18 px para el icono de paleta, sin cambiar su fuente.
process	534	534	theme-light.css Process Designer /StackPane#rootStackPane[0]/BorderPane#mainPane[1]/ResponsiveWorkspaceSplitPane#workspaceSplitPane[1]/Content[0]/VBox#mainContentArea[5]/ScrollPane#mainScrollPane[0]/javafx.scene.control.skin.ScrollPaneSkin$5[0]/javafx.scene.control.skin.ScrollPaneSkin$6[0]/VBox#contentContainer[18]/ModuleHost#processDesignerContainer[0]/TitledPane#processDesignerRoot[0]/javafx.scene.control.skin.TitledPaneSkin$1[0]/VBox[4]/SplitPane#designerSplitPane[0]/Content[0]/VBox#palettePanel[2]/ScrollPane[0]/javafx.scene.control.skin.ScrollPaneSkin$5[0]/javafx.scene.control.skin.ScrollPaneSkin$6[0]/VBox#paletteItemsContainer[40]/HBox[1]/VBox[0]/Label	wrap: false -> true	El título o categoría de paleta admite varias líneas dentro de su columna.
process	539	539	theme-light.css Process Designer /StackPane#rootStackPane[0]/BorderPane#mainPane[1]/ResponsiveWorkspaceSplitPane#workspaceSplitPane[1]/Content[0]/VBox#mainContentArea[5]/ScrollPane#mainScrollPane[0]/javafx.scene.control.skin.ScrollPaneSkin$5[0]/javafx.scene.control.skin.ScrollPaneSkin$6[0]/VBox#contentContainer[18]/ModuleHost#processDesignerContainer[0]/TitledPane#processDesignerRoot[0]/javafx.scene.control.skin.TitledPaneSkin$1[0]/VBox[4]/SplitPane#designerSplitPane[0]/Content[0]/VBox#palettePanel[2]/ScrollPane[0]/javafx.scene.control.skin.ScrollPaneSkin$5[0]/javafx.scene.control.skin.ScrollPaneSkin$6[0]/VBox#paletteItemsContainer[41]/HBox[0]/Label	minW: -1.0 -> 18.0	Reserva 18 px para el icono de paleta, sin cambiar su fuente.
process	542	542	theme-light.css Process Designer /StackPane#rootStackPane[0]/BorderPane#mainPane[1]/ResponsiveWorkspaceSplitPane#workspaceSplitPane[1]/Content[0]/VBox#mainContentArea[5]/ScrollPane#mainScrollPane[0]/javafx.scene.control.skin.ScrollPaneSkin$5[0]/javafx.scene.control.skin.ScrollPaneSkin$6[0]/VBox#contentContainer[18]/ModuleHost#processDesignerContainer[0]/TitledPane#processDesignerRoot[0]/javafx.scene.control.skin.TitledPaneSkin$1[0]/VBox[4]/SplitPane#designerSplitPane[0]/Content[0]/VBox#palettePanel[2]/ScrollPane[0]/javafx.scene.control.skin.ScrollPaneSkin$5[0]/javafx.scene.control.skin.ScrollPaneSkin$6[0]/VBox#paletteItemsContainer[41]/HBox[1]/VBox[0]/Label	wrap: false -> true	El título o categoría de paleta admite varias líneas dentro de su columna.
process	547	547	theme-light.css Process Designer /StackPane#rootStackPane[0]/BorderPane#mainPane[1]/ResponsiveWorkspaceSplitPane#workspaceSplitPane[1]/Content[0]/VBox#mainContentArea[5]/ScrollPane#mainScrollPane[0]/javafx.scene.control.skin.ScrollPaneSkin$5[0]/javafx.scene.control.skin.ScrollPaneSkin$6[0]/VBox#contentContainer[18]/ModuleHost#processDesignerContainer[0]/TitledPane#processDesignerRoot[0]/javafx.scene.control.skin.TitledPaneSkin$1[0]/VBox[4]/SplitPane#designerSplitPane[0]/Content[0]/VBox#palettePanel[2]/ScrollPane[0]/javafx.scene.control.skin.ScrollPaneSkin$5[0]/javafx.scene.control.skin.ScrollPaneSkin$6[0]/VBox#paletteItemsContainer[42]/HBox[0]/Label	minW: -1.0 -> 18.0	Reserva 18 px para el icono de paleta, sin cambiar su fuente.
process	550	550	theme-light.css Process Designer /StackPane#rootStackPane[0]/BorderPane#mainPane[1]/ResponsiveWorkspaceSplitPane#workspaceSplitPane[1]/Content[0]/VBox#mainContentArea[5]/ScrollPane#mainScrollPane[0]/javafx.scene.control.skin.ScrollPaneSkin$5[0]/javafx.scene.control.skin.ScrollPaneSkin$6[0]/VBox#contentContainer[18]/ModuleHost#processDesignerContainer[0]/TitledPane#processDesignerRoot[0]/javafx.scene.control.skin.TitledPaneSkin$1[0]/VBox[4]/SplitPane#designerSplitPane[0]/Content[0]/VBox#palettePanel[2]/ScrollPane[0]/javafx.scene.control.skin.ScrollPaneSkin$5[0]/javafx.scene.control.skin.ScrollPaneSkin$6[0]/VBox#paletteItemsContainer[42]/HBox[1]/VBox[0]/Label	wrap: false -> true	El título o categoría de paleta admite varias líneas dentro de su columna.
process	555	555	theme-light.css Process Designer /StackPane#rootStackPane[0]/BorderPane#mainPane[1]/ResponsiveWorkspaceSplitPane#workspaceSplitPane[1]/Content[0]/VBox#mainContentArea[5]/ScrollPane#mainScrollPane[0]/javafx.scene.control.skin.ScrollPaneSkin$5[0]/javafx.scene.control.skin.ScrollPaneSkin$6[0]/VBox#contentContainer[18]/ModuleHost#processDesignerContainer[0]/TitledPane#processDesignerRoot[0]/javafx.scene.control.skin.TitledPaneSkin$1[0]/VBox[4]/SplitPane#designerSplitPane[0]/Content[0]/VBox#palettePanel[2]/ScrollPane[0]/javafx.scene.control.skin.ScrollPaneSkin$5[0]/javafx.scene.control.skin.ScrollPaneSkin$6[0]/VBox#paletteItemsContainer[43]/HBox[0]/Label	minW: -1.0 -> 18.0	Reserva 18 px para el icono de paleta, sin cambiar su fuente.
process	558	558	theme-light.css Process Designer /StackPane#rootStackPane[0]/BorderPane#mainPane[1]/ResponsiveWorkspaceSplitPane#workspaceSplitPane[1]/Content[0]/VBox#mainContentArea[5]/ScrollPane#mainScrollPane[0]/javafx.scene.control.skin.ScrollPaneSkin$5[0]/javafx.scene.control.skin.ScrollPaneSkin$6[0]/VBox#contentContainer[18]/ModuleHost#processDesignerContainer[0]/TitledPane#processDesignerRoot[0]/javafx.scene.control.skin.TitledPaneSkin$1[0]/VBox[4]/SplitPane#designerSplitPane[0]/Content[0]/VBox#palettePanel[2]/ScrollPane[0]/javafx.scene.control.skin.ScrollPaneSkin$5[0]/javafx.scene.control.skin.ScrollPaneSkin$6[0]/VBox#paletteItemsContainer[43]/HBox[1]/VBox[0]/Label	wrap: false -> true	El título o categoría de paleta admite varias líneas dentro de su columna.
process	563	563	theme-light.css Process Designer /StackPane#rootStackPane[0]/BorderPane#mainPane[1]/ResponsiveWorkspaceSplitPane#workspaceSplitPane[1]/Content[0]/VBox#mainContentArea[5]/ScrollPane#mainScrollPane[0]/javafx.scene.control.skin.ScrollPaneSkin$5[0]/javafx.scene.control.skin.ScrollPaneSkin$6[0]/VBox#contentContainer[18]/ModuleHost#processDesignerContainer[0]/TitledPane#processDesignerRoot[0]/javafx.scene.control.skin.TitledPaneSkin$1[0]/VBox[4]/SplitPane#designerSplitPane[0]/Content[0]/VBox#palettePanel[2]/ScrollPane[0]/javafx.scene.control.skin.ScrollPaneSkin$5[0]/javafx.scene.control.skin.ScrollPaneSkin$6[0]/VBox#paletteItemsContainer[44]/HBox[0]/Label	minW: -1.0 -> 18.0	Reserva 18 px para el icono de paleta, sin cambiar su fuente.
process	566	566	theme-light.css Process Designer /StackPane#rootStackPane[0]/BorderPane#mainPane[1]/ResponsiveWorkspaceSplitPane#workspaceSplitPane[1]/Content[0]/VBox#mainContentArea[5]/ScrollPane#mainScrollPane[0]/javafx.scene.control.skin.ScrollPaneSkin$5[0]/javafx.scene.control.skin.ScrollPaneSkin$6[0]/VBox#contentContainer[18]/ModuleHost#processDesignerContainer[0]/TitledPane#processDesignerRoot[0]/javafx.scene.control.skin.TitledPaneSkin$1[0]/VBox[4]/SplitPane#designerSplitPane[0]/Content[0]/VBox#palettePanel[2]/ScrollPane[0]/javafx.scene.control.skin.ScrollPaneSkin$5[0]/javafx.scene.control.skin.ScrollPaneSkin$6[0]/VBox#paletteItemsContainer[44]/HBox[1]/VBox[0]/Label	wrap: false -> true	El título o categoría de paleta admite varias líneas dentro de su columna.
process	571	571	theme-light.css Process Designer /StackPane#rootStackPane[0]/BorderPane#mainPane[1]/ResponsiveWorkspaceSplitPane#workspaceSplitPane[1]/Content[0]/VBox#mainContentArea[5]/ScrollPane#mainScrollPane[0]/javafx.scene.control.skin.ScrollPaneSkin$5[0]/javafx.scene.control.skin.ScrollPaneSkin$6[0]/VBox#contentContainer[18]/ModuleHost#processDesignerContainer[0]/TitledPane#processDesignerRoot[0]/javafx.scene.control.skin.TitledPaneSkin$1[0]/VBox[4]/SplitPane#designerSplitPane[0]/Content[0]/VBox#palettePanel[2]/ScrollPane[0]/javafx.scene.control.skin.ScrollPaneSkin$5[0]/javafx.scene.control.skin.ScrollPaneSkin$6[0]/VBox#paletteItemsContainer[45]/HBox[0]/Label	minW: -1.0 -> 18.0	Reserva 18 px para el icono de paleta, sin cambiar su fuente.
process	574	574	theme-light.css Process Designer /StackPane#rootStackPane[0]/BorderPane#mainPane[1]/ResponsiveWorkspaceSplitPane#workspaceSplitPane[1]/Content[0]/VBox#mainContentArea[5]/ScrollPane#mainScrollPane[0]/javafx.scene.control.skin.ScrollPaneSkin$5[0]/javafx.scene.control.skin.ScrollPaneSkin$6[0]/VBox#contentContainer[18]/ModuleHost#processDesignerContainer[0]/TitledPane#processDesignerRoot[0]/javafx.scene.control.skin.TitledPaneSkin$1[0]/VBox[4]/SplitPane#designerSplitPane[0]/Content[0]/VBox#palettePanel[2]/ScrollPane[0]/javafx.scene.control.skin.ScrollPaneSkin$5[0]/javafx.scene.control.skin.ScrollPaneSkin$6[0]/VBox#paletteItemsContainer[45]/HBox[1]/VBox[0]/Label	wrap: false -> true	El título o categoría de paleta admite varias líneas dentro de su columna.
process	579	579	theme-light.css Process Designer /StackPane#rootStackPane[0]/BorderPane#mainPane[1]/ResponsiveWorkspaceSplitPane#workspaceSplitPane[1]/Content[0]/VBox#mainContentArea[5]/ScrollPane#mainScrollPane[0]/javafx.scene.control.skin.ScrollPaneSkin$5[0]/javafx.scene.control.skin.ScrollPaneSkin$6[0]/VBox#contentContainer[18]/ModuleHost#processDesignerContainer[0]/TitledPane#processDesignerRoot[0]/javafx.scene.control.skin.TitledPaneSkin$1[0]/VBox[4]/SplitPane#designerSplitPane[0]/Content[0]/VBox#palettePanel[2]/ScrollPane[0]/javafx.scene.control.skin.ScrollPaneSkin$5[0]/javafx.scene.control.skin.ScrollPaneSkin$6[0]/VBox#paletteItemsContainer[46]/HBox[0]/Label	minW: -1.0 -> 18.0	Reserva 18 px para el icono de paleta, sin cambiar su fuente.
process	582	582	theme-light.css Process Designer /StackPane#rootStackPane[0]/BorderPane#mainPane[1]/ResponsiveWorkspaceSplitPane#workspaceSplitPane[1]/Content[0]/VBox#mainContentArea[5]/ScrollPane#mainScrollPane[0]/javafx.scene.control.skin.ScrollPaneSkin$5[0]/javafx.scene.control.skin.ScrollPaneSkin$6[0]/VBox#contentContainer[18]/ModuleHost#processDesignerContainer[0]/TitledPane#processDesignerRoot[0]/javafx.scene.control.skin.TitledPaneSkin$1[0]/VBox[4]/SplitPane#designerSplitPane[0]/Content[0]/VBox#palettePanel[2]/ScrollPane[0]/javafx.scene.control.skin.ScrollPaneSkin$5[0]/javafx.scene.control.skin.ScrollPaneSkin$6[0]/VBox#paletteItemsContainer[46]/HBox[1]/VBox[0]/Label	wrap: false -> true	El título o categoría de paleta admite varias líneas dentro de su columna.
process	587	587	theme-light.css Process Designer /StackPane#rootStackPane[0]/BorderPane#mainPane[1]/ResponsiveWorkspaceSplitPane#workspaceSplitPane[1]/Content[0]/VBox#mainContentArea[5]/ScrollPane#mainScrollPane[0]/javafx.scene.control.skin.ScrollPaneSkin$5[0]/javafx.scene.control.skin.ScrollPaneSkin$6[0]/VBox#contentContainer[18]/ModuleHost#processDesignerContainer[0]/TitledPane#processDesignerRoot[0]/javafx.scene.control.skin.TitledPaneSkin$1[0]/VBox[4]/SplitPane#designerSplitPane[0]/Content[0]/VBox#palettePanel[2]/ScrollPane[0]/javafx.scene.control.skin.ScrollPaneSkin$5[0]/javafx.scene.control.skin.ScrollPaneSkin$6[0]/VBox#paletteItemsContainer[47]/HBox[0]/Label	minW: -1.0 -> 18.0	Reserva 18 px para el icono de paleta, sin cambiar su fuente.
process	590	590	theme-light.css Process Designer /StackPane#rootStackPane[0]/BorderPane#mainPane[1]/ResponsiveWorkspaceSplitPane#workspaceSplitPane[1]/Content[0]/VBox#mainContentArea[5]/ScrollPane#mainScrollPane[0]/javafx.scene.control.skin.ScrollPaneSkin$5[0]/javafx.scene.control.skin.ScrollPaneSkin$6[0]/VBox#contentContainer[18]/ModuleHost#processDesignerContainer[0]/TitledPane#processDesignerRoot[0]/javafx.scene.control.skin.TitledPaneSkin$1[0]/VBox[4]/SplitPane#designerSplitPane[0]/Content[0]/VBox#palettePanel[2]/ScrollPane[0]/javafx.scene.control.skin.ScrollPaneSkin$5[0]/javafx.scene.control.skin.ScrollPaneSkin$6[0]/VBox#paletteItemsContainer[47]/HBox[1]/VBox[0]/Label	wrap: false -> true	El título o categoría de paleta admite varias líneas dentro de su columna.
process	595	595	theme-light.css Process Designer /StackPane#rootStackPane[0]/BorderPane#mainPane[1]/ResponsiveWorkspaceSplitPane#workspaceSplitPane[1]/Content[0]/VBox#mainContentArea[5]/ScrollPane#mainScrollPane[0]/javafx.scene.control.skin.ScrollPaneSkin$5[0]/javafx.scene.control.skin.ScrollPaneSkin$6[0]/VBox#contentContainer[18]/ModuleHost#processDesignerContainer[0]/TitledPane#processDesignerRoot[0]/javafx.scene.control.skin.TitledPaneSkin$1[0]/VBox[4]/SplitPane#designerSplitPane[0]/Content[0]/VBox#palettePanel[2]/ScrollPane[0]/javafx.scene.control.skin.ScrollPaneSkin$5[0]/javafx.scene.control.skin.ScrollPaneSkin$6[0]/VBox#paletteItemsContainer[48]/HBox[0]/Label	minW: -1.0 -> 18.0	Reserva 18 px para el icono de paleta, sin cambiar su fuente.
process	598	598	theme-light.css Process Designer /StackPane#rootStackPane[0]/BorderPane#mainPane[1]/ResponsiveWorkspaceSplitPane#workspaceSplitPane[1]/Content[0]/VBox#mainContentArea[5]/ScrollPane#mainScrollPane[0]/javafx.scene.control.skin.ScrollPaneSkin$5[0]/javafx.scene.control.skin.ScrollPaneSkin$6[0]/VBox#contentContainer[18]/ModuleHost#processDesignerContainer[0]/TitledPane#processDesignerRoot[0]/javafx.scene.control.skin.TitledPaneSkin$1[0]/VBox[4]/SplitPane#designerSplitPane[0]/Content[0]/VBox#palettePanel[2]/ScrollPane[0]/javafx.scene.control.skin.ScrollPaneSkin$5[0]/javafx.scene.control.skin.ScrollPaneSkin$6[0]/VBox#paletteItemsContainer[48]/HBox[1]/VBox[0]/Label	wrap: false -> true	El título o categoría de paleta admite varias líneas dentro de su columna.
process	603	603	theme-light.css Process Designer /StackPane#rootStackPane[0]/BorderPane#mainPane[1]/ResponsiveWorkspaceSplitPane#workspaceSplitPane[1]/Content[0]/VBox#mainContentArea[5]/ScrollPane#mainScrollPane[0]/javafx.scene.control.skin.ScrollPaneSkin$5[0]/javafx.scene.control.skin.ScrollPaneSkin$6[0]/VBox#contentContainer[18]/ModuleHost#processDesignerContainer[0]/TitledPane#processDesignerRoot[0]/javafx.scene.control.skin.TitledPaneSkin$1[0]/VBox[4]/SplitPane#designerSplitPane[0]/Content[0]/VBox#palettePanel[2]/ScrollPane[0]/javafx.scene.control.skin.ScrollPaneSkin$5[0]/javafx.scene.control.skin.ScrollPaneSkin$6[0]/VBox#paletteItemsContainer[49]/HBox[0]/Label	minW: -1.0 -> 18.0	Reserva 18 px para el icono de paleta, sin cambiar su fuente.
process	606	606	theme-light.css Process Designer /StackPane#rootStackPane[0]/BorderPane#mainPane[1]/ResponsiveWorkspaceSplitPane#workspaceSplitPane[1]/Content[0]/VBox#mainContentArea[5]/ScrollPane#mainScrollPane[0]/javafx.scene.control.skin.ScrollPaneSkin$5[0]/javafx.scene.control.skin.ScrollPaneSkin$6[0]/VBox#contentContainer[18]/ModuleHost#processDesignerContainer[0]/TitledPane#processDesignerRoot[0]/javafx.scene.control.skin.TitledPaneSkin$1[0]/VBox[4]/SplitPane#designerSplitPane[0]/Content[0]/VBox#palettePanel[2]/ScrollPane[0]/javafx.scene.control.skin.ScrollPaneSkin$5[0]/javafx.scene.control.skin.ScrollPaneSkin$6[0]/VBox#paletteItemsContainer[49]/HBox[1]/VBox[0]/Label	wrap: false -> true	El título o categoría de paleta admite varias líneas dentro de su columna.
process	261	261	theme-light.css Process Designer /StackPane#rootStackPane[0]/BorderPane#mainPane[1]/ResponsiveWorkspaceSplitPane#workspaceSplitPane[1]/Content[0]/VBox#mainContentArea[5]/ScrollPane#mainScrollPane[0]/javafx.scene.control.skin.ScrollPaneSkin$5[0]/javafx.scene.control.skin.ScrollPaneSkin$6[0]/VBox#contentContainer[18]/ModuleHost#processDesignerContainer[0]/TitledPane#processDesignerRoot[0]/javafx.scene.control.skin.TitledPaneSkin$1[0]/VBox[4]/SplitPane#designerSplitPane[0]/Content[0]/VBox#palettePanel[2]/ScrollPane[0]/javafx.scene.control.skin.ScrollPaneSkin$5[0]/javafx.scene.control.skin.ScrollPaneSkin$6[0]/VBox#paletteItemsContainer[4]/HBox[0]/Label	minW: -1.0 -> 18.0	Reserva 18 px para el icono de paleta, sin cambiar su fuente.
process	264	264	theme-light.css Process Designer /StackPane#rootStackPane[0]/BorderPane#mainPane[1]/ResponsiveWorkspaceSplitPane#workspaceSplitPane[1]/Content[0]/VBox#mainContentArea[5]/ScrollPane#mainScrollPane[0]/javafx.scene.control.skin.ScrollPaneSkin$5[0]/javafx.scene.control.skin.ScrollPaneSkin$6[0]/VBox#contentContainer[18]/ModuleHost#processDesignerContainer[0]/TitledPane#processDesignerRoot[0]/javafx.scene.control.skin.TitledPaneSkin$1[0]/VBox[4]/SplitPane#designerSplitPane[0]/Content[0]/VBox#palettePanel[2]/ScrollPane[0]/javafx.scene.control.skin.ScrollPaneSkin$5[0]/javafx.scene.control.skin.ScrollPaneSkin$6[0]/VBox#paletteItemsContainer[4]/HBox[1]/VBox[0]/Label	wrap: false -> true	El título o categoría de paleta admite varias líneas dentro de su columna.
process	611	611	theme-light.css Process Designer /StackPane#rootStackPane[0]/BorderPane#mainPane[1]/ResponsiveWorkspaceSplitPane#workspaceSplitPane[1]/Content[0]/VBox#mainContentArea[5]/ScrollPane#mainScrollPane[0]/javafx.scene.control.skin.ScrollPaneSkin$5[0]/javafx.scene.control.skin.ScrollPaneSkin$6[0]/VBox#contentContainer[18]/ModuleHost#processDesignerContainer[0]/TitledPane#processDesignerRoot[0]/javafx.scene.control.skin.TitledPaneSkin$1[0]/VBox[4]/SplitPane#designerSplitPane[0]/Content[0]/VBox#palettePanel[2]/ScrollPane[0]/javafx.scene.control.skin.ScrollPaneSkin$5[0]/javafx.scene.control.skin.ScrollPaneSkin$6[0]/VBox#paletteItemsContainer[50]/HBox[0]/Label	minW: -1.0 -> 18.0	Reserva 18 px para el icono de paleta, sin cambiar su fuente.
process	614	614	theme-light.css Process Designer /StackPane#rootStackPane[0]/BorderPane#mainPane[1]/ResponsiveWorkspaceSplitPane#workspaceSplitPane[1]/Content[0]/VBox#mainContentArea[5]/ScrollPane#mainScrollPane[0]/javafx.scene.control.skin.ScrollPaneSkin$5[0]/javafx.scene.control.skin.ScrollPaneSkin$6[0]/VBox#contentContainer[18]/ModuleHost#processDesignerContainer[0]/TitledPane#processDesignerRoot[0]/javafx.scene.control.skin.TitledPaneSkin$1[0]/VBox[4]/SplitPane#designerSplitPane[0]/Content[0]/VBox#palettePanel[2]/ScrollPane[0]/javafx.scene.control.skin.ScrollPaneSkin$5[0]/javafx.scene.control.skin.ScrollPaneSkin$6[0]/VBox#paletteItemsContainer[50]/HBox[1]/VBox[0]/Label	wrap: false -> true	El título o categoría de paleta admite varias líneas dentro de su columna.
process	619	619	theme-light.css Process Designer /StackPane#rootStackPane[0]/BorderPane#mainPane[1]/ResponsiveWorkspaceSplitPane#workspaceSplitPane[1]/Content[0]/VBox#mainContentArea[5]/ScrollPane#mainScrollPane[0]/javafx.scene.control.skin.ScrollPaneSkin$5[0]/javafx.scene.control.skin.ScrollPaneSkin$6[0]/VBox#contentContainer[18]/ModuleHost#processDesignerContainer[0]/TitledPane#processDesignerRoot[0]/javafx.scene.control.skin.TitledPaneSkin$1[0]/VBox[4]/SplitPane#designerSplitPane[0]/Content[0]/VBox#palettePanel[2]/ScrollPane[0]/javafx.scene.control.skin.ScrollPaneSkin$5[0]/javafx.scene.control.skin.ScrollPaneSkin$6[0]/VBox#paletteItemsContainer[51]/HBox[0]/Label	minW: -1.0 -> 18.0	Reserva 18 px para el icono de paleta, sin cambiar su fuente.
process	622	622	theme-light.css Process Designer /StackPane#rootStackPane[0]/BorderPane#mainPane[1]/ResponsiveWorkspaceSplitPane#workspaceSplitPane[1]/Content[0]/VBox#mainContentArea[5]/ScrollPane#mainScrollPane[0]/javafx.scene.control.skin.ScrollPaneSkin$5[0]/javafx.scene.control.skin.ScrollPaneSkin$6[0]/VBox#contentContainer[18]/ModuleHost#processDesignerContainer[0]/TitledPane#processDesignerRoot[0]/javafx.scene.control.skin.TitledPaneSkin$1[0]/VBox[4]/SplitPane#designerSplitPane[0]/Content[0]/VBox#palettePanel[2]/ScrollPane[0]/javafx.scene.control.skin.ScrollPaneSkin$5[0]/javafx.scene.control.skin.ScrollPaneSkin$6[0]/VBox#paletteItemsContainer[51]/HBox[1]/VBox[0]/Label	wrap: false -> true	El título o categoría de paleta admite varias líneas dentro de su columna.
process	626	626	theme-light.css Process Designer /StackPane#rootStackPane[0]/BorderPane#mainPane[1]/ResponsiveWorkspaceSplitPane#workspaceSplitPane[1]/Content[0]/VBox#mainContentArea[5]/ScrollPane#mainScrollPane[0]/javafx.scene.control.skin.ScrollPaneSkin$5[0]/javafx.scene.control.skin.ScrollPaneSkin$6[0]/VBox#contentContainer[18]/ModuleHost#processDesignerContainer[0]/TitledPane#processDesignerRoot[0]/javafx.scene.control.skin.TitledPaneSkin$1[0]/VBox[4]/SplitPane#designerSplitPane[0]/Content[0]/VBox#palettePanel[2]/ScrollPane[0]/javafx.scene.control.skin.ScrollPaneSkin$5[0]/javafx.scene.control.skin.ScrollPaneSkin$6[0]/VBox#paletteItemsContainer[52]/Label	wrap: false -> true	El título o categoría de paleta admite varias líneas dentro de su columna.
process	629	629	theme-light.css Process Designer /StackPane#rootStackPane[0]/BorderPane#mainPane[1]/ResponsiveWorkspaceSplitPane#workspaceSplitPane[1]/Content[0]/VBox#mainContentArea[5]/ScrollPane#mainScrollPane[0]/javafx.scene.control.skin.ScrollPaneSkin$5[0]/javafx.scene.control.skin.ScrollPaneSkin$6[0]/VBox#contentContainer[18]/ModuleHost#processDesignerContainer[0]/TitledPane#processDesignerRoot[0]/javafx.scene.control.skin.TitledPaneSkin$1[0]/VBox[4]/SplitPane#designerSplitPane[0]/Content[0]/VBox#palettePanel[2]/ScrollPane[0]/javafx.scene.control.skin.ScrollPaneSkin$5[0]/javafx.scene.control.skin.ScrollPaneSkin$6[0]/VBox#paletteItemsContainer[53]/HBox[0]/Label	minW: -1.0 -> 18.0	Reserva 18 px para el icono de paleta, sin cambiar su fuente.
process	632	632	theme-light.css Process Designer /StackPane#rootStackPane[0]/BorderPane#mainPane[1]/ResponsiveWorkspaceSplitPane#workspaceSplitPane[1]/Content[0]/VBox#mainContentArea[5]/ScrollPane#mainScrollPane[0]/javafx.scene.control.skin.ScrollPaneSkin$5[0]/javafx.scene.control.skin.ScrollPaneSkin$6[0]/VBox#contentContainer[18]/ModuleHost#processDesignerContainer[0]/TitledPane#processDesignerRoot[0]/javafx.scene.control.skin.TitledPaneSkin$1[0]/VBox[4]/SplitPane#designerSplitPane[0]/Content[0]/VBox#palettePanel[2]/ScrollPane[0]/javafx.scene.control.skin.ScrollPaneSkin$5[0]/javafx.scene.control.skin.ScrollPaneSkin$6[0]/VBox#paletteItemsContainer[53]/HBox[1]/VBox[0]/Label	wrap: false -> true	El título o categoría de paleta admite varias líneas dentro de su columna.
process	637	637	theme-light.css Process Designer /StackPane#rootStackPane[0]/BorderPane#mainPane[1]/ResponsiveWorkspaceSplitPane#workspaceSplitPane[1]/Content[0]/VBox#mainContentArea[5]/ScrollPane#mainScrollPane[0]/javafx.scene.control.skin.ScrollPaneSkin$5[0]/javafx.scene.control.skin.ScrollPaneSkin$6[0]/VBox#contentContainer[18]/ModuleHost#processDesignerContainer[0]/TitledPane#processDesignerRoot[0]/javafx.scene.control.skin.TitledPaneSkin$1[0]/VBox[4]/SplitPane#designerSplitPane[0]/Content[0]/VBox#palettePanel[2]/ScrollPane[0]/javafx.scene.control.skin.ScrollPaneSkin$5[0]/javafx.scene.control.skin.ScrollPaneSkin$6[0]/VBox#paletteItemsContainer[54]/HBox[0]/Label	minW: -1.0 -> 18.0	Reserva 18 px para el icono de paleta, sin cambiar su fuente.
process	640	640	theme-light.css Process Designer /StackPane#rootStackPane[0]/BorderPane#mainPane[1]/ResponsiveWorkspaceSplitPane#workspaceSplitPane[1]/Content[0]/VBox#mainContentArea[5]/ScrollPane#mainScrollPane[0]/javafx.scene.control.skin.ScrollPaneSkin$5[0]/javafx.scene.control.skin.ScrollPaneSkin$6[0]/VBox#contentContainer[18]/ModuleHost#processDesignerContainer[0]/TitledPane#processDesignerRoot[0]/javafx.scene.control.skin.TitledPaneSkin$1[0]/VBox[4]/SplitPane#designerSplitPane[0]/Content[0]/VBox#palettePanel[2]/ScrollPane[0]/javafx.scene.control.skin.ScrollPaneSkin$5[0]/javafx.scene.control.skin.ScrollPaneSkin$6[0]/VBox#paletteItemsContainer[54]/HBox[1]/VBox[0]/Label	wrap: false -> true	El título o categoría de paleta admite varias líneas dentro de su columna.
process	645	645	theme-light.css Process Designer /StackPane#rootStackPane[0]/BorderPane#mainPane[1]/ResponsiveWorkspaceSplitPane#workspaceSplitPane[1]/Content[0]/VBox#mainContentArea[5]/ScrollPane#mainScrollPane[0]/javafx.scene.control.skin.ScrollPaneSkin$5[0]/javafx.scene.control.skin.ScrollPaneSkin$6[0]/VBox#contentContainer[18]/ModuleHost#processDesignerContainer[0]/TitledPane#processDesignerRoot[0]/javafx.scene.control.skin.TitledPaneSkin$1[0]/VBox[4]/SplitPane#designerSplitPane[0]/Content[0]/VBox#palettePanel[2]/ScrollPane[0]/javafx.scene.control.skin.ScrollPaneSkin$5[0]/javafx.scene.control.skin.ScrollPaneSkin$6[0]/VBox#paletteItemsContainer[55]/HBox[0]/Label	minW: -1.0 -> 18.0	Reserva 18 px para el icono de paleta, sin cambiar su fuente.
process	648	648	theme-light.css Process Designer /StackPane#rootStackPane[0]/BorderPane#mainPane[1]/ResponsiveWorkspaceSplitPane#workspaceSplitPane[1]/Content[0]/VBox#mainContentArea[5]/ScrollPane#mainScrollPane[0]/javafx.scene.control.skin.ScrollPaneSkin$5[0]/javafx.scene.control.skin.ScrollPaneSkin$6[0]/VBox#contentContainer[18]/ModuleHost#processDesignerContainer[0]/TitledPane#processDesignerRoot[0]/javafx.scene.control.skin.TitledPaneSkin$1[0]/VBox[4]/SplitPane#designerSplitPane[0]/Content[0]/VBox#palettePanel[2]/ScrollPane[0]/javafx.scene.control.skin.ScrollPaneSkin$5[0]/javafx.scene.control.skin.ScrollPaneSkin$6[0]/VBox#paletteItemsContainer[55]/HBox[1]/VBox[0]/Label	wrap: false -> true	El título o categoría de paleta admite varias líneas dentro de su columna.
process	653	653	theme-light.css Process Designer /StackPane#rootStackPane[0]/BorderPane#mainPane[1]/ResponsiveWorkspaceSplitPane#workspaceSplitPane[1]/Content[0]/VBox#mainContentArea[5]/ScrollPane#mainScrollPane[0]/javafx.scene.control.skin.ScrollPaneSkin$5[0]/javafx.scene.control.skin.ScrollPaneSkin$6[0]/VBox#contentContainer[18]/ModuleHost#processDesignerContainer[0]/TitledPane#processDesignerRoot[0]/javafx.scene.control.skin.TitledPaneSkin$1[0]/VBox[4]/SplitPane#designerSplitPane[0]/Content[0]/VBox#palettePanel[2]/ScrollPane[0]/javafx.scene.control.skin.ScrollPaneSkin$5[0]/javafx.scene.control.skin.ScrollPaneSkin$6[0]/VBox#paletteItemsContainer[56]/HBox[0]/Label	minW: -1.0 -> 18.0	Reserva 18 px para el icono de paleta, sin cambiar su fuente.
process	656	656	theme-light.css Process Designer /StackPane#rootStackPane[0]/BorderPane#mainPane[1]/ResponsiveWorkspaceSplitPane#workspaceSplitPane[1]/Content[0]/VBox#mainContentArea[5]/ScrollPane#mainScrollPane[0]/javafx.scene.control.skin.ScrollPaneSkin$5[0]/javafx.scene.control.skin.ScrollPaneSkin$6[0]/VBox#contentContainer[18]/ModuleHost#processDesignerContainer[0]/TitledPane#processDesignerRoot[0]/javafx.scene.control.skin.TitledPaneSkin$1[0]/VBox[4]/SplitPane#designerSplitPane[0]/Content[0]/VBox#palettePanel[2]/ScrollPane[0]/javafx.scene.control.skin.ScrollPaneSkin$5[0]/javafx.scene.control.skin.ScrollPaneSkin$6[0]/VBox#paletteItemsContainer[56]/HBox[1]/VBox[0]/Label	wrap: false -> true	El título o categoría de paleta admite varias líneas dentro de su columna.
process	661	661	theme-light.css Process Designer /StackPane#rootStackPane[0]/BorderPane#mainPane[1]/ResponsiveWorkspaceSplitPane#workspaceSplitPane[1]/Content[0]/VBox#mainContentArea[5]/ScrollPane#mainScrollPane[0]/javafx.scene.control.skin.ScrollPaneSkin$5[0]/javafx.scene.control.skin.ScrollPaneSkin$6[0]/VBox#contentContainer[18]/ModuleHost#processDesignerContainer[0]/TitledPane#processDesignerRoot[0]/javafx.scene.control.skin.TitledPaneSkin$1[0]/VBox[4]/SplitPane#designerSplitPane[0]/Content[0]/VBox#palettePanel[2]/ScrollPane[0]/javafx.scene.control.skin.ScrollPaneSkin$5[0]/javafx.scene.control.skin.ScrollPaneSkin$6[0]/VBox#paletteItemsContainer[57]/HBox[0]/Label	minW: -1.0 -> 18.0	Reserva 18 px para el icono de paleta, sin cambiar su fuente.
process	664	664	theme-light.css Process Designer /StackPane#rootStackPane[0]/BorderPane#mainPane[1]/ResponsiveWorkspaceSplitPane#workspaceSplitPane[1]/Content[0]/VBox#mainContentArea[5]/ScrollPane#mainScrollPane[0]/javafx.scene.control.skin.ScrollPaneSkin$5[0]/javafx.scene.control.skin.ScrollPaneSkin$6[0]/VBox#contentContainer[18]/ModuleHost#processDesignerContainer[0]/TitledPane#processDesignerRoot[0]/javafx.scene.control.skin.TitledPaneSkin$1[0]/VBox[4]/SplitPane#designerSplitPane[0]/Content[0]/VBox#palettePanel[2]/ScrollPane[0]/javafx.scene.control.skin.ScrollPaneSkin$5[0]/javafx.scene.control.skin.ScrollPaneSkin$6[0]/VBox#paletteItemsContainer[57]/HBox[1]/VBox[0]/Label	wrap: false -> true	El título o categoría de paleta admite varias líneas dentro de su columna.
process	669	669	theme-light.css Process Designer /StackPane#rootStackPane[0]/BorderPane#mainPane[1]/ResponsiveWorkspaceSplitPane#workspaceSplitPane[1]/Content[0]/VBox#mainContentArea[5]/ScrollPane#mainScrollPane[0]/javafx.scene.control.skin.ScrollPaneSkin$5[0]/javafx.scene.control.skin.ScrollPaneSkin$6[0]/VBox#contentContainer[18]/ModuleHost#processDesignerContainer[0]/TitledPane#processDesignerRoot[0]/javafx.scene.control.skin.TitledPaneSkin$1[0]/VBox[4]/SplitPane#designerSplitPane[0]/Content[0]/VBox#palettePanel[2]/ScrollPane[0]/javafx.scene.control.skin.ScrollPaneSkin$5[0]/javafx.scene.control.skin.ScrollPaneSkin$6[0]/VBox#paletteItemsContainer[58]/HBox[0]/Label	minW: -1.0 -> 18.0	Reserva 18 px para el icono de paleta, sin cambiar su fuente.
process	672	672	theme-light.css Process Designer /StackPane#rootStackPane[0]/BorderPane#mainPane[1]/ResponsiveWorkspaceSplitPane#workspaceSplitPane[1]/Content[0]/VBox#mainContentArea[5]/ScrollPane#mainScrollPane[0]/javafx.scene.control.skin.ScrollPaneSkin$5[0]/javafx.scene.control.skin.ScrollPaneSkin$6[0]/VBox#contentContainer[18]/ModuleHost#processDesignerContainer[0]/TitledPane#processDesignerRoot[0]/javafx.scene.control.skin.TitledPaneSkin$1[0]/VBox[4]/SplitPane#designerSplitPane[0]/Content[0]/VBox#palettePanel[2]/ScrollPane[0]/javafx.scene.control.skin.ScrollPaneSkin$5[0]/javafx.scene.control.skin.ScrollPaneSkin$6[0]/VBox#paletteItemsContainer[58]/HBox[1]/VBox[0]/Label	wrap: false -> true	El título o categoría de paleta admite varias líneas dentro de su columna.
process	677	677	theme-light.css Process Designer /StackPane#rootStackPane[0]/BorderPane#mainPane[1]/ResponsiveWorkspaceSplitPane#workspaceSplitPane[1]/Content[0]/VBox#mainContentArea[5]/ScrollPane#mainScrollPane[0]/javafx.scene.control.skin.ScrollPaneSkin$5[0]/javafx.scene.control.skin.ScrollPaneSkin$6[0]/VBox#contentContainer[18]/ModuleHost#processDesignerContainer[0]/TitledPane#processDesignerRoot[0]/javafx.scene.control.skin.TitledPaneSkin$1[0]/VBox[4]/SplitPane#designerSplitPane[0]/Content[0]/VBox#palettePanel[2]/ScrollPane[0]/javafx.scene.control.skin.ScrollPaneSkin$5[0]/javafx.scene.control.skin.ScrollPaneSkin$6[0]/VBox#paletteItemsContainer[59]/HBox[0]/Label	minW: -1.0 -> 18.0	Reserva 18 px para el icono de paleta, sin cambiar su fuente.
process	680	680	theme-light.css Process Designer /StackPane#rootStackPane[0]/BorderPane#mainPane[1]/ResponsiveWorkspaceSplitPane#workspaceSplitPane[1]/Content[0]/VBox#mainContentArea[5]/ScrollPane#mainScrollPane[0]/javafx.scene.control.skin.ScrollPaneSkin$5[0]/javafx.scene.control.skin.ScrollPaneSkin$6[0]/VBox#contentContainer[18]/ModuleHost#processDesignerContainer[0]/TitledPane#processDesignerRoot[0]/javafx.scene.control.skin.TitledPaneSkin$1[0]/VBox[4]/SplitPane#designerSplitPane[0]/Content[0]/VBox#palettePanel[2]/ScrollPane[0]/javafx.scene.control.skin.ScrollPaneSkin$5[0]/javafx.scene.control.skin.ScrollPaneSkin$6[0]/VBox#paletteItemsContainer[59]/HBox[1]/VBox[0]/Label	wrap: false -> true	El título o categoría de paleta admite varias líneas dentro de su columna.
process	269	269	theme-light.css Process Designer /StackPane#rootStackPane[0]/BorderPane#mainPane[1]/ResponsiveWorkspaceSplitPane#workspaceSplitPane[1]/Content[0]/VBox#mainContentArea[5]/ScrollPane#mainScrollPane[0]/javafx.scene.control.skin.ScrollPaneSkin$5[0]/javafx.scene.control.skin.ScrollPaneSkin$6[0]/VBox#contentContainer[18]/ModuleHost#processDesignerContainer[0]/TitledPane#processDesignerRoot[0]/javafx.scene.control.skin.TitledPaneSkin$1[0]/VBox[4]/SplitPane#designerSplitPane[0]/Content[0]/VBox#palettePanel[2]/ScrollPane[0]/javafx.scene.control.skin.ScrollPaneSkin$5[0]/javafx.scene.control.skin.ScrollPaneSkin$6[0]/VBox#paletteItemsContainer[5]/HBox[0]/Label	minW: -1.0 -> 18.0	Reserva 18 px para el icono de paleta, sin cambiar su fuente.
process	272	272	theme-light.css Process Designer /StackPane#rootStackPane[0]/BorderPane#mainPane[1]/ResponsiveWorkspaceSplitPane#workspaceSplitPane[1]/Content[0]/VBox#mainContentArea[5]/ScrollPane#mainScrollPane[0]/javafx.scene.control.skin.ScrollPaneSkin$5[0]/javafx.scene.control.skin.ScrollPaneSkin$6[0]/VBox#contentContainer[18]/ModuleHost#processDesignerContainer[0]/TitledPane#processDesignerRoot[0]/javafx.scene.control.skin.TitledPaneSkin$1[0]/VBox[4]/SplitPane#designerSplitPane[0]/Content[0]/VBox#palettePanel[2]/ScrollPane[0]/javafx.scene.control.skin.ScrollPaneSkin$5[0]/javafx.scene.control.skin.ScrollPaneSkin$6[0]/VBox#paletteItemsContainer[5]/HBox[1]/VBox[0]/Label	wrap: false -> true	El título o categoría de paleta admite varias líneas dentro de su columna.
process	685	685	theme-light.css Process Designer /StackPane#rootStackPane[0]/BorderPane#mainPane[1]/ResponsiveWorkspaceSplitPane#workspaceSplitPane[1]/Content[0]/VBox#mainContentArea[5]/ScrollPane#mainScrollPane[0]/javafx.scene.control.skin.ScrollPaneSkin$5[0]/javafx.scene.control.skin.ScrollPaneSkin$6[0]/VBox#contentContainer[18]/ModuleHost#processDesignerContainer[0]/TitledPane#processDesignerRoot[0]/javafx.scene.control.skin.TitledPaneSkin$1[0]/VBox[4]/SplitPane#designerSplitPane[0]/Content[0]/VBox#palettePanel[2]/ScrollPane[0]/javafx.scene.control.skin.ScrollPaneSkin$5[0]/javafx.scene.control.skin.ScrollPaneSkin$6[0]/VBox#paletteItemsContainer[60]/HBox[0]/Label	minW: -1.0 -> 18.0	Reserva 18 px para el icono de paleta, sin cambiar su fuente.
process	688	688	theme-light.css Process Designer /StackPane#rootStackPane[0]/BorderPane#mainPane[1]/ResponsiveWorkspaceSplitPane#workspaceSplitPane[1]/Content[0]/VBox#mainContentArea[5]/ScrollPane#mainScrollPane[0]/javafx.scene.control.skin.ScrollPaneSkin$5[0]/javafx.scene.control.skin.ScrollPaneSkin$6[0]/VBox#contentContainer[18]/ModuleHost#processDesignerContainer[0]/TitledPane#processDesignerRoot[0]/javafx.scene.control.skin.TitledPaneSkin$1[0]/VBox[4]/SplitPane#designerSplitPane[0]/Content[0]/VBox#palettePanel[2]/ScrollPane[0]/javafx.scene.control.skin.ScrollPaneSkin$5[0]/javafx.scene.control.skin.ScrollPaneSkin$6[0]/VBox#paletteItemsContainer[60]/HBox[1]/VBox[0]/Label	wrap: false -> true	El título o categoría de paleta admite varias líneas dentro de su columna.
process	693	693	theme-light.css Process Designer /StackPane#rootStackPane[0]/BorderPane#mainPane[1]/ResponsiveWorkspaceSplitPane#workspaceSplitPane[1]/Content[0]/VBox#mainContentArea[5]/ScrollPane#mainScrollPane[0]/javafx.scene.control.skin.ScrollPaneSkin$5[0]/javafx.scene.control.skin.ScrollPaneSkin$6[0]/VBox#contentContainer[18]/ModuleHost#processDesignerContainer[0]/TitledPane#processDesignerRoot[0]/javafx.scene.control.skin.TitledPaneSkin$1[0]/VBox[4]/SplitPane#designerSplitPane[0]/Content[0]/VBox#palettePanel[2]/ScrollPane[0]/javafx.scene.control.skin.ScrollPaneSkin$5[0]/javafx.scene.control.skin.ScrollPaneSkin$6[0]/VBox#paletteItemsContainer[61]/HBox[0]/Label	minW: -1.0 -> 18.0	Reserva 18 px para el icono de paleta, sin cambiar su fuente.
process	696	696	theme-light.css Process Designer /StackPane#rootStackPane[0]/BorderPane#mainPane[1]/ResponsiveWorkspaceSplitPane#workspaceSplitPane[1]/Content[0]/VBox#mainContentArea[5]/ScrollPane#mainScrollPane[0]/javafx.scene.control.skin.ScrollPaneSkin$5[0]/javafx.scene.control.skin.ScrollPaneSkin$6[0]/VBox#contentContainer[18]/ModuleHost#processDesignerContainer[0]/TitledPane#processDesignerRoot[0]/javafx.scene.control.skin.TitledPaneSkin$1[0]/VBox[4]/SplitPane#designerSplitPane[0]/Content[0]/VBox#palettePanel[2]/ScrollPane[0]/javafx.scene.control.skin.ScrollPaneSkin$5[0]/javafx.scene.control.skin.ScrollPaneSkin$6[0]/VBox#paletteItemsContainer[61]/HBox[1]/VBox[0]/Label	wrap: false -> true	El título o categoría de paleta admite varias líneas dentro de su columna.
process	701	701	theme-light.css Process Designer /StackPane#rootStackPane[0]/BorderPane#mainPane[1]/ResponsiveWorkspaceSplitPane#workspaceSplitPane[1]/Content[0]/VBox#mainContentArea[5]/ScrollPane#mainScrollPane[0]/javafx.scene.control.skin.ScrollPaneSkin$5[0]/javafx.scene.control.skin.ScrollPaneSkin$6[0]/VBox#contentContainer[18]/ModuleHost#processDesignerContainer[0]/TitledPane#processDesignerRoot[0]/javafx.scene.control.skin.TitledPaneSkin$1[0]/VBox[4]/SplitPane#designerSplitPane[0]/Content[0]/VBox#palettePanel[2]/ScrollPane[0]/javafx.scene.control.skin.ScrollPaneSkin$5[0]/javafx.scene.control.skin.ScrollPaneSkin$6[0]/VBox#paletteItemsContainer[62]/HBox[0]/Label	minW: -1.0 -> 18.0	Reserva 18 px para el icono de paleta, sin cambiar su fuente.
process	704	704	theme-light.css Process Designer /StackPane#rootStackPane[0]/BorderPane#mainPane[1]/ResponsiveWorkspaceSplitPane#workspaceSplitPane[1]/Content[0]/VBox#mainContentArea[5]/ScrollPane#mainScrollPane[0]/javafx.scene.control.skin.ScrollPaneSkin$5[0]/javafx.scene.control.skin.ScrollPaneSkin$6[0]/VBox#contentContainer[18]/ModuleHost#processDesignerContainer[0]/TitledPane#processDesignerRoot[0]/javafx.scene.control.skin.TitledPaneSkin$1[0]/VBox[4]/SplitPane#designerSplitPane[0]/Content[0]/VBox#palettePanel[2]/ScrollPane[0]/javafx.scene.control.skin.ScrollPaneSkin$5[0]/javafx.scene.control.skin.ScrollPaneSkin$6[0]/VBox#paletteItemsContainer[62]/HBox[1]/VBox[0]/Label	wrap: false -> true	El título o categoría de paleta admite varias líneas dentro de su columna.
process	709	709	theme-light.css Process Designer /StackPane#rootStackPane[0]/BorderPane#mainPane[1]/ResponsiveWorkspaceSplitPane#workspaceSplitPane[1]/Content[0]/VBox#mainContentArea[5]/ScrollPane#mainScrollPane[0]/javafx.scene.control.skin.ScrollPaneSkin$5[0]/javafx.scene.control.skin.ScrollPaneSkin$6[0]/VBox#contentContainer[18]/ModuleHost#processDesignerContainer[0]/TitledPane#processDesignerRoot[0]/javafx.scene.control.skin.TitledPaneSkin$1[0]/VBox[4]/SplitPane#designerSplitPane[0]/Content[0]/VBox#palettePanel[2]/ScrollPane[0]/javafx.scene.control.skin.ScrollPaneSkin$5[0]/javafx.scene.control.skin.ScrollPaneSkin$6[0]/VBox#paletteItemsContainer[63]/HBox[0]/Label	minW: -1.0 -> 18.0	Reserva 18 px para el icono de paleta, sin cambiar su fuente.
process	712	712	theme-light.css Process Designer /StackPane#rootStackPane[0]/BorderPane#mainPane[1]/ResponsiveWorkspaceSplitPane#workspaceSplitPane[1]/Content[0]/VBox#mainContentArea[5]/ScrollPane#mainScrollPane[0]/javafx.scene.control.skin.ScrollPaneSkin$5[0]/javafx.scene.control.skin.ScrollPaneSkin$6[0]/VBox#contentContainer[18]/ModuleHost#processDesignerContainer[0]/TitledPane#processDesignerRoot[0]/javafx.scene.control.skin.TitledPaneSkin$1[0]/VBox[4]/SplitPane#designerSplitPane[0]/Content[0]/VBox#palettePanel[2]/ScrollPane[0]/javafx.scene.control.skin.ScrollPaneSkin$5[0]/javafx.scene.control.skin.ScrollPaneSkin$6[0]/VBox#paletteItemsContainer[63]/HBox[1]/VBox[0]/Label	wrap: false -> true	El título o categoría de paleta admite varias líneas dentro de su columna.
process	717	717	theme-light.css Process Designer /StackPane#rootStackPane[0]/BorderPane#mainPane[1]/ResponsiveWorkspaceSplitPane#workspaceSplitPane[1]/Content[0]/VBox#mainContentArea[5]/ScrollPane#mainScrollPane[0]/javafx.scene.control.skin.ScrollPaneSkin$5[0]/javafx.scene.control.skin.ScrollPaneSkin$6[0]/VBox#contentContainer[18]/ModuleHost#processDesignerContainer[0]/TitledPane#processDesignerRoot[0]/javafx.scene.control.skin.TitledPaneSkin$1[0]/VBox[4]/SplitPane#designerSplitPane[0]/Content[0]/VBox#palettePanel[2]/ScrollPane[0]/javafx.scene.control.skin.ScrollPaneSkin$5[0]/javafx.scene.control.skin.ScrollPaneSkin$6[0]/VBox#paletteItemsContainer[64]/HBox[0]/Label	minW: -1.0 -> 18.0	Reserva 18 px para el icono de paleta, sin cambiar su fuente.
process	720	720	theme-light.css Process Designer /StackPane#rootStackPane[0]/BorderPane#mainPane[1]/ResponsiveWorkspaceSplitPane#workspaceSplitPane[1]/Content[0]/VBox#mainContentArea[5]/ScrollPane#mainScrollPane[0]/javafx.scene.control.skin.ScrollPaneSkin$5[0]/javafx.scene.control.skin.ScrollPaneSkin$6[0]/VBox#contentContainer[18]/ModuleHost#processDesignerContainer[0]/TitledPane#processDesignerRoot[0]/javafx.scene.control.skin.TitledPaneSkin$1[0]/VBox[4]/SplitPane#designerSplitPane[0]/Content[0]/VBox#palettePanel[2]/ScrollPane[0]/javafx.scene.control.skin.ScrollPaneSkin$5[0]/javafx.scene.control.skin.ScrollPaneSkin$6[0]/VBox#paletteItemsContainer[64]/HBox[1]/VBox[0]/Label	wrap: false -> true	El título o categoría de paleta admite varias líneas dentro de su columna.
process	725	725	theme-light.css Process Designer /StackPane#rootStackPane[0]/BorderPane#mainPane[1]/ResponsiveWorkspaceSplitPane#workspaceSplitPane[1]/Content[0]/VBox#mainContentArea[5]/ScrollPane#mainScrollPane[0]/javafx.scene.control.skin.ScrollPaneSkin$5[0]/javafx.scene.control.skin.ScrollPaneSkin$6[0]/VBox#contentContainer[18]/ModuleHost#processDesignerContainer[0]/TitledPane#processDesignerRoot[0]/javafx.scene.control.skin.TitledPaneSkin$1[0]/VBox[4]/SplitPane#designerSplitPane[0]/Content[0]/VBox#palettePanel[2]/ScrollPane[0]/javafx.scene.control.skin.ScrollPaneSkin$5[0]/javafx.scene.control.skin.ScrollPaneSkin$6[0]/VBox#paletteItemsContainer[65]/HBox[0]/Label	minW: -1.0 -> 18.0	Reserva 18 px para el icono de paleta, sin cambiar su fuente.
process	728	728	theme-light.css Process Designer /StackPane#rootStackPane[0]/BorderPane#mainPane[1]/ResponsiveWorkspaceSplitPane#workspaceSplitPane[1]/Content[0]/VBox#mainContentArea[5]/ScrollPane#mainScrollPane[0]/javafx.scene.control.skin.ScrollPaneSkin$5[0]/javafx.scene.control.skin.ScrollPaneSkin$6[0]/VBox#contentContainer[18]/ModuleHost#processDesignerContainer[0]/TitledPane#processDesignerRoot[0]/javafx.scene.control.skin.TitledPaneSkin$1[0]/VBox[4]/SplitPane#designerSplitPane[0]/Content[0]/VBox#palettePanel[2]/ScrollPane[0]/javafx.scene.control.skin.ScrollPaneSkin$5[0]/javafx.scene.control.skin.ScrollPaneSkin$6[0]/VBox#paletteItemsContainer[65]/HBox[1]/VBox[0]/Label	wrap: false -> true	El título o categoría de paleta admite varias líneas dentro de su columna.
process	733	733	theme-light.css Process Designer /StackPane#rootStackPane[0]/BorderPane#mainPane[1]/ResponsiveWorkspaceSplitPane#workspaceSplitPane[1]/Content[0]/VBox#mainContentArea[5]/ScrollPane#mainScrollPane[0]/javafx.scene.control.skin.ScrollPaneSkin$5[0]/javafx.scene.control.skin.ScrollPaneSkin$6[0]/VBox#contentContainer[18]/ModuleHost#processDesignerContainer[0]/TitledPane#processDesignerRoot[0]/javafx.scene.control.skin.TitledPaneSkin$1[0]/VBox[4]/SplitPane#designerSplitPane[0]/Content[0]/VBox#palettePanel[2]/ScrollPane[0]/javafx.scene.control.skin.ScrollPaneSkin$5[0]/javafx.scene.control.skin.ScrollPaneSkin$6[0]/VBox#paletteItemsContainer[66]/HBox[0]/Label	minW: -1.0 -> 18.0	Reserva 18 px para el icono de paleta, sin cambiar su fuente.
process	736	736	theme-light.css Process Designer /StackPane#rootStackPane[0]/BorderPane#mainPane[1]/ResponsiveWorkspaceSplitPane#workspaceSplitPane[1]/Content[0]/VBox#mainContentArea[5]/ScrollPane#mainScrollPane[0]/javafx.scene.control.skin.ScrollPaneSkin$5[0]/javafx.scene.control.skin.ScrollPaneSkin$6[0]/VBox#contentContainer[18]/ModuleHost#processDesignerContainer[0]/TitledPane#processDesignerRoot[0]/javafx.scene.control.skin.TitledPaneSkin$1[0]/VBox[4]/SplitPane#designerSplitPane[0]/Content[0]/VBox#palettePanel[2]/ScrollPane[0]/javafx.scene.control.skin.ScrollPaneSkin$5[0]/javafx.scene.control.skin.ScrollPaneSkin$6[0]/VBox#paletteItemsContainer[66]/HBox[1]/VBox[0]/Label	wrap: false -> true	El título o categoría de paleta admite varias líneas dentro de su columna.
process	741	741	theme-light.css Process Designer /StackPane#rootStackPane[0]/BorderPane#mainPane[1]/ResponsiveWorkspaceSplitPane#workspaceSplitPane[1]/Content[0]/VBox#mainContentArea[5]/ScrollPane#mainScrollPane[0]/javafx.scene.control.skin.ScrollPaneSkin$5[0]/javafx.scene.control.skin.ScrollPaneSkin$6[0]/VBox#contentContainer[18]/ModuleHost#processDesignerContainer[0]/TitledPane#processDesignerRoot[0]/javafx.scene.control.skin.TitledPaneSkin$1[0]/VBox[4]/SplitPane#designerSplitPane[0]/Content[0]/VBox#palettePanel[2]/ScrollPane[0]/javafx.scene.control.skin.ScrollPaneSkin$5[0]/javafx.scene.control.skin.ScrollPaneSkin$6[0]/VBox#paletteItemsContainer[67]/HBox[0]/Label	minW: -1.0 -> 18.0	Reserva 18 px para el icono de paleta, sin cambiar su fuente.
process	744	744	theme-light.css Process Designer /StackPane#rootStackPane[0]/BorderPane#mainPane[1]/ResponsiveWorkspaceSplitPane#workspaceSplitPane[1]/Content[0]/VBox#mainContentArea[5]/ScrollPane#mainScrollPane[0]/javafx.scene.control.skin.ScrollPaneSkin$5[0]/javafx.scene.control.skin.ScrollPaneSkin$6[0]/VBox#contentContainer[18]/ModuleHost#processDesignerContainer[0]/TitledPane#processDesignerRoot[0]/javafx.scene.control.skin.TitledPaneSkin$1[0]/VBox[4]/SplitPane#designerSplitPane[0]/Content[0]/VBox#palettePanel[2]/ScrollPane[0]/javafx.scene.control.skin.ScrollPaneSkin$5[0]/javafx.scene.control.skin.ScrollPaneSkin$6[0]/VBox#paletteItemsContainer[67]/HBox[1]/VBox[0]/Label	wrap: false -> true	El título o categoría de paleta admite varias líneas dentro de su columna.
process	749	749	theme-light.css Process Designer /StackPane#rootStackPane[0]/BorderPane#mainPane[1]/ResponsiveWorkspaceSplitPane#workspaceSplitPane[1]/Content[0]/VBox#mainContentArea[5]/ScrollPane#mainScrollPane[0]/javafx.scene.control.skin.ScrollPaneSkin$5[0]/javafx.scene.control.skin.ScrollPaneSkin$6[0]/VBox#contentContainer[18]/ModuleHost#processDesignerContainer[0]/TitledPane#processDesignerRoot[0]/javafx.scene.control.skin.TitledPaneSkin$1[0]/VBox[4]/SplitPane#designerSplitPane[0]/Content[0]/VBox#palettePanel[2]/ScrollPane[0]/javafx.scene.control.skin.ScrollPaneSkin$5[0]/javafx.scene.control.skin.ScrollPaneSkin$6[0]/VBox#paletteItemsContainer[68]/HBox[0]/Label	minW: -1.0 -> 18.0	Reserva 18 px para el icono de paleta, sin cambiar su fuente.
process	752	752	theme-light.css Process Designer /StackPane#rootStackPane[0]/BorderPane#mainPane[1]/ResponsiveWorkspaceSplitPane#workspaceSplitPane[1]/Content[0]/VBox#mainContentArea[5]/ScrollPane#mainScrollPane[0]/javafx.scene.control.skin.ScrollPaneSkin$5[0]/javafx.scene.control.skin.ScrollPaneSkin$6[0]/VBox#contentContainer[18]/ModuleHost#processDesignerContainer[0]/TitledPane#processDesignerRoot[0]/javafx.scene.control.skin.TitledPaneSkin$1[0]/VBox[4]/SplitPane#designerSplitPane[0]/Content[0]/VBox#palettePanel[2]/ScrollPane[0]/javafx.scene.control.skin.ScrollPaneSkin$5[0]/javafx.scene.control.skin.ScrollPaneSkin$6[0]/VBox#paletteItemsContainer[68]/HBox[1]/VBox[0]/Label	wrap: false -> true	El título o categoría de paleta admite varias líneas dentro de su columna.
process	757	757	theme-light.css Process Designer /StackPane#rootStackPane[0]/BorderPane#mainPane[1]/ResponsiveWorkspaceSplitPane#workspaceSplitPane[1]/Content[0]/VBox#mainContentArea[5]/ScrollPane#mainScrollPane[0]/javafx.scene.control.skin.ScrollPaneSkin$5[0]/javafx.scene.control.skin.ScrollPaneSkin$6[0]/VBox#contentContainer[18]/ModuleHost#processDesignerContainer[0]/TitledPane#processDesignerRoot[0]/javafx.scene.control.skin.TitledPaneSkin$1[0]/VBox[4]/SplitPane#designerSplitPane[0]/Content[0]/VBox#palettePanel[2]/ScrollPane[0]/javafx.scene.control.skin.ScrollPaneSkin$5[0]/javafx.scene.control.skin.ScrollPaneSkin$6[0]/VBox#paletteItemsContainer[69]/HBox[0]/Label	minW: -1.0 -> 18.0	Reserva 18 px para el icono de paleta, sin cambiar su fuente.
process	760	760	theme-light.css Process Designer /StackPane#rootStackPane[0]/BorderPane#mainPane[1]/ResponsiveWorkspaceSplitPane#workspaceSplitPane[1]/Content[0]/VBox#mainContentArea[5]/ScrollPane#mainScrollPane[0]/javafx.scene.control.skin.ScrollPaneSkin$5[0]/javafx.scene.control.skin.ScrollPaneSkin$6[0]/VBox#contentContainer[18]/ModuleHost#processDesignerContainer[0]/TitledPane#processDesignerRoot[0]/javafx.scene.control.skin.TitledPaneSkin$1[0]/VBox[4]/SplitPane#designerSplitPane[0]/Content[0]/VBox#palettePanel[2]/ScrollPane[0]/javafx.scene.control.skin.ScrollPaneSkin$5[0]/javafx.scene.control.skin.ScrollPaneSkin$6[0]/VBox#paletteItemsContainer[69]/HBox[1]/VBox[0]/Label	wrap: false -> true	El título o categoría de paleta admite varias líneas dentro de su columna.
process	276	276	theme-light.css Process Designer /StackPane#rootStackPane[0]/BorderPane#mainPane[1]/ResponsiveWorkspaceSplitPane#workspaceSplitPane[1]/Content[0]/VBox#mainContentArea[5]/ScrollPane#mainScrollPane[0]/javafx.scene.control.skin.ScrollPaneSkin$5[0]/javafx.scene.control.skin.ScrollPaneSkin$6[0]/VBox#contentContainer[18]/ModuleHost#processDesignerContainer[0]/TitledPane#processDesignerRoot[0]/javafx.scene.control.skin.TitledPaneSkin$1[0]/VBox[4]/SplitPane#designerSplitPane[0]/Content[0]/VBox#palettePanel[2]/ScrollPane[0]/javafx.scene.control.skin.ScrollPaneSkin$5[0]/javafx.scene.control.skin.ScrollPaneSkin$6[0]/VBox#paletteItemsContainer[6]/Label	wrap: false -> true	El título o categoría de paleta admite varias líneas dentro de su columna.
process	765	765	theme-light.css Process Designer /StackPane#rootStackPane[0]/BorderPane#mainPane[1]/ResponsiveWorkspaceSplitPane#workspaceSplitPane[1]/Content[0]/VBox#mainContentArea[5]/ScrollPane#mainScrollPane[0]/javafx.scene.control.skin.ScrollPaneSkin$5[0]/javafx.scene.control.skin.ScrollPaneSkin$6[0]/VBox#contentContainer[18]/ModuleHost#processDesignerContainer[0]/TitledPane#processDesignerRoot[0]/javafx.scene.control.skin.TitledPaneSkin$1[0]/VBox[4]/SplitPane#designerSplitPane[0]/Content[0]/VBox#palettePanel[2]/ScrollPane[0]/javafx.scene.control.skin.ScrollPaneSkin$5[0]/javafx.scene.control.skin.ScrollPaneSkin$6[0]/VBox#paletteItemsContainer[70]/HBox[0]/Label	minW: -1.0 -> 18.0	Reserva 18 px para el icono de paleta, sin cambiar su fuente.
process	768	768	theme-light.css Process Designer /StackPane#rootStackPane[0]/BorderPane#mainPane[1]/ResponsiveWorkspaceSplitPane#workspaceSplitPane[1]/Content[0]/VBox#mainContentArea[5]/ScrollPane#mainScrollPane[0]/javafx.scene.control.skin.ScrollPaneSkin$5[0]/javafx.scene.control.skin.ScrollPaneSkin$6[0]/VBox#contentContainer[18]/ModuleHost#processDesignerContainer[0]/TitledPane#processDesignerRoot[0]/javafx.scene.control.skin.TitledPaneSkin$1[0]/VBox[4]/SplitPane#designerSplitPane[0]/Content[0]/VBox#palettePanel[2]/ScrollPane[0]/javafx.scene.control.skin.ScrollPaneSkin$5[0]/javafx.scene.control.skin.ScrollPaneSkin$6[0]/VBox#paletteItemsContainer[70]/HBox[1]/VBox[0]/Label	wrap: false -> true	El título o categoría de paleta admite varias líneas dentro de su columna.
process	773	773	theme-light.css Process Designer /StackPane#rootStackPane[0]/BorderPane#mainPane[1]/ResponsiveWorkspaceSplitPane#workspaceSplitPane[1]/Content[0]/VBox#mainContentArea[5]/ScrollPane#mainScrollPane[0]/javafx.scene.control.skin.ScrollPaneSkin$5[0]/javafx.scene.control.skin.ScrollPaneSkin$6[0]/VBox#contentContainer[18]/ModuleHost#processDesignerContainer[0]/TitledPane#processDesignerRoot[0]/javafx.scene.control.skin.TitledPaneSkin$1[0]/VBox[4]/SplitPane#designerSplitPane[0]/Content[0]/VBox#palettePanel[2]/ScrollPane[0]/javafx.scene.control.skin.ScrollPaneSkin$5[0]/javafx.scene.control.skin.ScrollPaneSkin$6[0]/VBox#paletteItemsContainer[71]/HBox[0]/Label	minW: -1.0 -> 18.0	Reserva 18 px para el icono de paleta, sin cambiar su fuente.
process	776	776	theme-light.css Process Designer /StackPane#rootStackPane[0]/BorderPane#mainPane[1]/ResponsiveWorkspaceSplitPane#workspaceSplitPane[1]/Content[0]/VBox#mainContentArea[5]/ScrollPane#mainScrollPane[0]/javafx.scene.control.skin.ScrollPaneSkin$5[0]/javafx.scene.control.skin.ScrollPaneSkin$6[0]/VBox#contentContainer[18]/ModuleHost#processDesignerContainer[0]/TitledPane#processDesignerRoot[0]/javafx.scene.control.skin.TitledPaneSkin$1[0]/VBox[4]/SplitPane#designerSplitPane[0]/Content[0]/VBox#palettePanel[2]/ScrollPane[0]/javafx.scene.control.skin.ScrollPaneSkin$5[0]/javafx.scene.control.skin.ScrollPaneSkin$6[0]/VBox#paletteItemsContainer[71]/HBox[1]/VBox[0]/Label	wrap: false -> true	El título o categoría de paleta admite varias líneas dentro de su columna.
process	781	781	theme-light.css Process Designer /StackPane#rootStackPane[0]/BorderPane#mainPane[1]/ResponsiveWorkspaceSplitPane#workspaceSplitPane[1]/Content[0]/VBox#mainContentArea[5]/ScrollPane#mainScrollPane[0]/javafx.scene.control.skin.ScrollPaneSkin$5[0]/javafx.scene.control.skin.ScrollPaneSkin$6[0]/VBox#contentContainer[18]/ModuleHost#processDesignerContainer[0]/TitledPane#processDesignerRoot[0]/javafx.scene.control.skin.TitledPaneSkin$1[0]/VBox[4]/SplitPane#designerSplitPane[0]/Content[0]/VBox#palettePanel[2]/ScrollPane[0]/javafx.scene.control.skin.ScrollPaneSkin$5[0]/javafx.scene.control.skin.ScrollPaneSkin$6[0]/VBox#paletteItemsContainer[72]/HBox[0]/Label	minW: -1.0 -> 18.0	Reserva 18 px para el icono de paleta, sin cambiar su fuente.
process	784	784	theme-light.css Process Designer /StackPane#rootStackPane[0]/BorderPane#mainPane[1]/ResponsiveWorkspaceSplitPane#workspaceSplitPane[1]/Content[0]/VBox#mainContentArea[5]/ScrollPane#mainScrollPane[0]/javafx.scene.control.skin.ScrollPaneSkin$5[0]/javafx.scene.control.skin.ScrollPaneSkin$6[0]/VBox#contentContainer[18]/ModuleHost#processDesignerContainer[0]/TitledPane#processDesignerRoot[0]/javafx.scene.control.skin.TitledPaneSkin$1[0]/VBox[4]/SplitPane#designerSplitPane[0]/Content[0]/VBox#palettePanel[2]/ScrollPane[0]/javafx.scene.control.skin.ScrollPaneSkin$5[0]/javafx.scene.control.skin.ScrollPaneSkin$6[0]/VBox#paletteItemsContainer[72]/HBox[1]/VBox[0]/Label	wrap: false -> true	El título o categoría de paleta admite varias líneas dentro de su columna.
process	789	789	theme-light.css Process Designer /StackPane#rootStackPane[0]/BorderPane#mainPane[1]/ResponsiveWorkspaceSplitPane#workspaceSplitPane[1]/Content[0]/VBox#mainContentArea[5]/ScrollPane#mainScrollPane[0]/javafx.scene.control.skin.ScrollPaneSkin$5[0]/javafx.scene.control.skin.ScrollPaneSkin$6[0]/VBox#contentContainer[18]/ModuleHost#processDesignerContainer[0]/TitledPane#processDesignerRoot[0]/javafx.scene.control.skin.TitledPaneSkin$1[0]/VBox[4]/SplitPane#designerSplitPane[0]/Content[0]/VBox#palettePanel[2]/ScrollPane[0]/javafx.scene.control.skin.ScrollPaneSkin$5[0]/javafx.scene.control.skin.ScrollPaneSkin$6[0]/VBox#paletteItemsContainer[73]/HBox[0]/Label	minW: -1.0 -> 18.0	Reserva 18 px para el icono de paleta, sin cambiar su fuente.
process	792	792	theme-light.css Process Designer /StackPane#rootStackPane[0]/BorderPane#mainPane[1]/ResponsiveWorkspaceSplitPane#workspaceSplitPane[1]/Content[0]/VBox#mainContentArea[5]/ScrollPane#mainScrollPane[0]/javafx.scene.control.skin.ScrollPaneSkin$5[0]/javafx.scene.control.skin.ScrollPaneSkin$6[0]/VBox#contentContainer[18]/ModuleHost#processDesignerContainer[0]/TitledPane#processDesignerRoot[0]/javafx.scene.control.skin.TitledPaneSkin$1[0]/VBox[4]/SplitPane#designerSplitPane[0]/Content[0]/VBox#palettePanel[2]/ScrollPane[0]/javafx.scene.control.skin.ScrollPaneSkin$5[0]/javafx.scene.control.skin.ScrollPaneSkin$6[0]/VBox#paletteItemsContainer[73]/HBox[1]/VBox[0]/Label	wrap: false -> true	El título o categoría de paleta admite varias líneas dentro de su columna.
process	797	797	theme-light.css Process Designer /StackPane#rootStackPane[0]/BorderPane#mainPane[1]/ResponsiveWorkspaceSplitPane#workspaceSplitPane[1]/Content[0]/VBox#mainContentArea[5]/ScrollPane#mainScrollPane[0]/javafx.scene.control.skin.ScrollPaneSkin$5[0]/javafx.scene.control.skin.ScrollPaneSkin$6[0]/VBox#contentContainer[18]/ModuleHost#processDesignerContainer[0]/TitledPane#processDesignerRoot[0]/javafx.scene.control.skin.TitledPaneSkin$1[0]/VBox[4]/SplitPane#designerSplitPane[0]/Content[0]/VBox#palettePanel[2]/ScrollPane[0]/javafx.scene.control.skin.ScrollPaneSkin$5[0]/javafx.scene.control.skin.ScrollPaneSkin$6[0]/VBox#paletteItemsContainer[74]/HBox[0]/Label	minW: -1.0 -> 18.0	Reserva 18 px para el icono de paleta, sin cambiar su fuente.
process	800	800	theme-light.css Process Designer /StackPane#rootStackPane[0]/BorderPane#mainPane[1]/ResponsiveWorkspaceSplitPane#workspaceSplitPane[1]/Content[0]/VBox#mainContentArea[5]/ScrollPane#mainScrollPane[0]/javafx.scene.control.skin.ScrollPaneSkin$5[0]/javafx.scene.control.skin.ScrollPaneSkin$6[0]/VBox#contentContainer[18]/ModuleHost#processDesignerContainer[0]/TitledPane#processDesignerRoot[0]/javafx.scene.control.skin.TitledPaneSkin$1[0]/VBox[4]/SplitPane#designerSplitPane[0]/Content[0]/VBox#palettePanel[2]/ScrollPane[0]/javafx.scene.control.skin.ScrollPaneSkin$5[0]/javafx.scene.control.skin.ScrollPaneSkin$6[0]/VBox#paletteItemsContainer[74]/HBox[1]/VBox[0]/Label	wrap: false -> true	El título o categoría de paleta admite varias líneas dentro de su columna.
process	804	804	theme-light.css Process Designer /StackPane#rootStackPane[0]/BorderPane#mainPane[1]/ResponsiveWorkspaceSplitPane#workspaceSplitPane[1]/Content[0]/VBox#mainContentArea[5]/ScrollPane#mainScrollPane[0]/javafx.scene.control.skin.ScrollPaneSkin$5[0]/javafx.scene.control.skin.ScrollPaneSkin$6[0]/VBox#contentContainer[18]/ModuleHost#processDesignerContainer[0]/TitledPane#processDesignerRoot[0]/javafx.scene.control.skin.TitledPaneSkin$1[0]/VBox[4]/SplitPane#designerSplitPane[0]/Content[0]/VBox#palettePanel[2]/ScrollPane[0]/javafx.scene.control.skin.ScrollPaneSkin$5[0]/javafx.scene.control.skin.ScrollPaneSkin$6[0]/VBox#paletteItemsContainer[75]/Label	wrap: false -> true	El título o categoría de paleta admite varias líneas dentro de su columna.
process	807	807	theme-light.css Process Designer /StackPane#rootStackPane[0]/BorderPane#mainPane[1]/ResponsiveWorkspaceSplitPane#workspaceSplitPane[1]/Content[0]/VBox#mainContentArea[5]/ScrollPane#mainScrollPane[0]/javafx.scene.control.skin.ScrollPaneSkin$5[0]/javafx.scene.control.skin.ScrollPaneSkin$6[0]/VBox#contentContainer[18]/ModuleHost#processDesignerContainer[0]/TitledPane#processDesignerRoot[0]/javafx.scene.control.skin.TitledPaneSkin$1[0]/VBox[4]/SplitPane#designerSplitPane[0]/Content[0]/VBox#palettePanel[2]/ScrollPane[0]/javafx.scene.control.skin.ScrollPaneSkin$5[0]/javafx.scene.control.skin.ScrollPaneSkin$6[0]/VBox#paletteItemsContainer[76]/HBox[0]/Label	minW: -1.0 -> 18.0	Reserva 18 px para el icono de paleta, sin cambiar su fuente.
process	810	810	theme-light.css Process Designer /StackPane#rootStackPane[0]/BorderPane#mainPane[1]/ResponsiveWorkspaceSplitPane#workspaceSplitPane[1]/Content[0]/VBox#mainContentArea[5]/ScrollPane#mainScrollPane[0]/javafx.scene.control.skin.ScrollPaneSkin$5[0]/javafx.scene.control.skin.ScrollPaneSkin$6[0]/VBox#contentContainer[18]/ModuleHost#processDesignerContainer[0]/TitledPane#processDesignerRoot[0]/javafx.scene.control.skin.TitledPaneSkin$1[0]/VBox[4]/SplitPane#designerSplitPane[0]/Content[0]/VBox#palettePanel[2]/ScrollPane[0]/javafx.scene.control.skin.ScrollPaneSkin$5[0]/javafx.scene.control.skin.ScrollPaneSkin$6[0]/VBox#paletteItemsContainer[76]/HBox[1]/VBox[0]/Label	wrap: false -> true	El título o categoría de paleta admite varias líneas dentro de su columna.
process	815	815	theme-light.css Process Designer /StackPane#rootStackPane[0]/BorderPane#mainPane[1]/ResponsiveWorkspaceSplitPane#workspaceSplitPane[1]/Content[0]/VBox#mainContentArea[5]/ScrollPane#mainScrollPane[0]/javafx.scene.control.skin.ScrollPaneSkin$5[0]/javafx.scene.control.skin.ScrollPaneSkin$6[0]/VBox#contentContainer[18]/ModuleHost#processDesignerContainer[0]/TitledPane#processDesignerRoot[0]/javafx.scene.control.skin.TitledPaneSkin$1[0]/VBox[4]/SplitPane#designerSplitPane[0]/Content[0]/VBox#palettePanel[2]/ScrollPane[0]/javafx.scene.control.skin.ScrollPaneSkin$5[0]/javafx.scene.control.skin.ScrollPaneSkin$6[0]/VBox#paletteItemsContainer[77]/HBox[0]/Label	minW: -1.0 -> 18.0	Reserva 18 px para el icono de paleta, sin cambiar su fuente.
process	818	818	theme-light.css Process Designer /StackPane#rootStackPane[0]/BorderPane#mainPane[1]/ResponsiveWorkspaceSplitPane#workspaceSplitPane[1]/Content[0]/VBox#mainContentArea[5]/ScrollPane#mainScrollPane[0]/javafx.scene.control.skin.ScrollPaneSkin$5[0]/javafx.scene.control.skin.ScrollPaneSkin$6[0]/VBox#contentContainer[18]/ModuleHost#processDesignerContainer[0]/TitledPane#processDesignerRoot[0]/javafx.scene.control.skin.TitledPaneSkin$1[0]/VBox[4]/SplitPane#designerSplitPane[0]/Content[0]/VBox#palettePanel[2]/ScrollPane[0]/javafx.scene.control.skin.ScrollPaneSkin$5[0]/javafx.scene.control.skin.ScrollPaneSkin$6[0]/VBox#paletteItemsContainer[77]/HBox[1]/VBox[0]/Label	wrap: false -> true	El título o categoría de paleta admite varias líneas dentro de su columna.
process	823	823	theme-light.css Process Designer /StackPane#rootStackPane[0]/BorderPane#mainPane[1]/ResponsiveWorkspaceSplitPane#workspaceSplitPane[1]/Content[0]/VBox#mainContentArea[5]/ScrollPane#mainScrollPane[0]/javafx.scene.control.skin.ScrollPaneSkin$5[0]/javafx.scene.control.skin.ScrollPaneSkin$6[0]/VBox#contentContainer[18]/ModuleHost#processDesignerContainer[0]/TitledPane#processDesignerRoot[0]/javafx.scene.control.skin.TitledPaneSkin$1[0]/VBox[4]/SplitPane#designerSplitPane[0]/Content[0]/VBox#palettePanel[2]/ScrollPane[0]/javafx.scene.control.skin.ScrollPaneSkin$5[0]/javafx.scene.control.skin.ScrollPaneSkin$6[0]/VBox#paletteItemsContainer[78]/HBox[0]/Label	minW: -1.0 -> 18.0	Reserva 18 px para el icono de paleta, sin cambiar su fuente.
process	826	826	theme-light.css Process Designer /StackPane#rootStackPane[0]/BorderPane#mainPane[1]/ResponsiveWorkspaceSplitPane#workspaceSplitPane[1]/Content[0]/VBox#mainContentArea[5]/ScrollPane#mainScrollPane[0]/javafx.scene.control.skin.ScrollPaneSkin$5[0]/javafx.scene.control.skin.ScrollPaneSkin$6[0]/VBox#contentContainer[18]/ModuleHost#processDesignerContainer[0]/TitledPane#processDesignerRoot[0]/javafx.scene.control.skin.TitledPaneSkin$1[0]/VBox[4]/SplitPane#designerSplitPane[0]/Content[0]/VBox#palettePanel[2]/ScrollPane[0]/javafx.scene.control.skin.ScrollPaneSkin$5[0]/javafx.scene.control.skin.ScrollPaneSkin$6[0]/VBox#paletteItemsContainer[78]/HBox[1]/VBox[0]/Label	wrap: false -> true	El título o categoría de paleta admite varias líneas dentro de su columna.
process	831	831	theme-light.css Process Designer /StackPane#rootStackPane[0]/BorderPane#mainPane[1]/ResponsiveWorkspaceSplitPane#workspaceSplitPane[1]/Content[0]/VBox#mainContentArea[5]/ScrollPane#mainScrollPane[0]/javafx.scene.control.skin.ScrollPaneSkin$5[0]/javafx.scene.control.skin.ScrollPaneSkin$6[0]/VBox#contentContainer[18]/ModuleHost#processDesignerContainer[0]/TitledPane#processDesignerRoot[0]/javafx.scene.control.skin.TitledPaneSkin$1[0]/VBox[4]/SplitPane#designerSplitPane[0]/Content[0]/VBox#palettePanel[2]/ScrollPane[0]/javafx.scene.control.skin.ScrollPaneSkin$5[0]/javafx.scene.control.skin.ScrollPaneSkin$6[0]/VBox#paletteItemsContainer[79]/HBox[0]/Label	minW: -1.0 -> 18.0	Reserva 18 px para el icono de paleta, sin cambiar su fuente.
process	834	834	theme-light.css Process Designer /StackPane#rootStackPane[0]/BorderPane#mainPane[1]/ResponsiveWorkspaceSplitPane#workspaceSplitPane[1]/Content[0]/VBox#mainContentArea[5]/ScrollPane#mainScrollPane[0]/javafx.scene.control.skin.ScrollPaneSkin$5[0]/javafx.scene.control.skin.ScrollPaneSkin$6[0]/VBox#contentContainer[18]/ModuleHost#processDesignerContainer[0]/TitledPane#processDesignerRoot[0]/javafx.scene.control.skin.TitledPaneSkin$1[0]/VBox[4]/SplitPane#designerSplitPane[0]/Content[0]/VBox#palettePanel[2]/ScrollPane[0]/javafx.scene.control.skin.ScrollPaneSkin$5[0]/javafx.scene.control.skin.ScrollPaneSkin$6[0]/VBox#paletteItemsContainer[79]/HBox[1]/VBox[0]/Label	wrap: false -> true	El título o categoría de paleta admite varias líneas dentro de su columna.
process	279	279	theme-light.css Process Designer /StackPane#rootStackPane[0]/BorderPane#mainPane[1]/ResponsiveWorkspaceSplitPane#workspaceSplitPane[1]/Content[0]/VBox#mainContentArea[5]/ScrollPane#mainScrollPane[0]/javafx.scene.control.skin.ScrollPaneSkin$5[0]/javafx.scene.control.skin.ScrollPaneSkin$6[0]/VBox#contentContainer[18]/ModuleHost#processDesignerContainer[0]/TitledPane#processDesignerRoot[0]/javafx.scene.control.skin.TitledPaneSkin$1[0]/VBox[4]/SplitPane#designerSplitPane[0]/Content[0]/VBox#palettePanel[2]/ScrollPane[0]/javafx.scene.control.skin.ScrollPaneSkin$5[0]/javafx.scene.control.skin.ScrollPaneSkin$6[0]/VBox#paletteItemsContainer[7]/HBox[0]/Label	minW: -1.0 -> 18.0	Reserva 18 px para el icono de paleta, sin cambiar su fuente.
process	282	282	theme-light.css Process Designer /StackPane#rootStackPane[0]/BorderPane#mainPane[1]/ResponsiveWorkspaceSplitPane#workspaceSplitPane[1]/Content[0]/VBox#mainContentArea[5]/ScrollPane#mainScrollPane[0]/javafx.scene.control.skin.ScrollPaneSkin$5[0]/javafx.scene.control.skin.ScrollPaneSkin$6[0]/VBox#contentContainer[18]/ModuleHost#processDesignerContainer[0]/TitledPane#processDesignerRoot[0]/javafx.scene.control.skin.TitledPaneSkin$1[0]/VBox[4]/SplitPane#designerSplitPane[0]/Content[0]/VBox#palettePanel[2]/ScrollPane[0]/javafx.scene.control.skin.ScrollPaneSkin$5[0]/javafx.scene.control.skin.ScrollPaneSkin$6[0]/VBox#paletteItemsContainer[7]/HBox[1]/VBox[0]/Label	wrap: false -> true	El título o categoría de paleta admite varias líneas dentro de su columna.
process	839	839	theme-light.css Process Designer /StackPane#rootStackPane[0]/BorderPane#mainPane[1]/ResponsiveWorkspaceSplitPane#workspaceSplitPane[1]/Content[0]/VBox#mainContentArea[5]/ScrollPane#mainScrollPane[0]/javafx.scene.control.skin.ScrollPaneSkin$5[0]/javafx.scene.control.skin.ScrollPaneSkin$6[0]/VBox#contentContainer[18]/ModuleHost#processDesignerContainer[0]/TitledPane#processDesignerRoot[0]/javafx.scene.control.skin.TitledPaneSkin$1[0]/VBox[4]/SplitPane#designerSplitPane[0]/Content[0]/VBox#palettePanel[2]/ScrollPane[0]/javafx.scene.control.skin.ScrollPaneSkin$5[0]/javafx.scene.control.skin.ScrollPaneSkin$6[0]/VBox#paletteItemsContainer[80]/HBox[0]/Label	minW: -1.0 -> 18.0	Reserva 18 px para el icono de paleta, sin cambiar su fuente.
process	842	842	theme-light.css Process Designer /StackPane#rootStackPane[0]/BorderPane#mainPane[1]/ResponsiveWorkspaceSplitPane#workspaceSplitPane[1]/Content[0]/VBox#mainContentArea[5]/ScrollPane#mainScrollPane[0]/javafx.scene.control.skin.ScrollPaneSkin$5[0]/javafx.scene.control.skin.ScrollPaneSkin$6[0]/VBox#contentContainer[18]/ModuleHost#processDesignerContainer[0]/TitledPane#processDesignerRoot[0]/javafx.scene.control.skin.TitledPaneSkin$1[0]/VBox[4]/SplitPane#designerSplitPane[0]/Content[0]/VBox#palettePanel[2]/ScrollPane[0]/javafx.scene.control.skin.ScrollPaneSkin$5[0]/javafx.scene.control.skin.ScrollPaneSkin$6[0]/VBox#paletteItemsContainer[80]/HBox[1]/VBox[0]/Label	wrap: false -> true	El título o categoría de paleta admite varias líneas dentro de su columna.
process	847	847	theme-light.css Process Designer /StackPane#rootStackPane[0]/BorderPane#mainPane[1]/ResponsiveWorkspaceSplitPane#workspaceSplitPane[1]/Content[0]/VBox#mainContentArea[5]/ScrollPane#mainScrollPane[0]/javafx.scene.control.skin.ScrollPaneSkin$5[0]/javafx.scene.control.skin.ScrollPaneSkin$6[0]/VBox#contentContainer[18]/ModuleHost#processDesignerContainer[0]/TitledPane#processDesignerRoot[0]/javafx.scene.control.skin.TitledPaneSkin$1[0]/VBox[4]/SplitPane#designerSplitPane[0]/Content[0]/VBox#palettePanel[2]/ScrollPane[0]/javafx.scene.control.skin.ScrollPaneSkin$5[0]/javafx.scene.control.skin.ScrollPaneSkin$6[0]/VBox#paletteItemsContainer[81]/HBox[0]/Label	minW: -1.0 -> 18.0	Reserva 18 px para el icono de paleta, sin cambiar su fuente.
process	850	850	theme-light.css Process Designer /StackPane#rootStackPane[0]/BorderPane#mainPane[1]/ResponsiveWorkspaceSplitPane#workspaceSplitPane[1]/Content[0]/VBox#mainContentArea[5]/ScrollPane#mainScrollPane[0]/javafx.scene.control.skin.ScrollPaneSkin$5[0]/javafx.scene.control.skin.ScrollPaneSkin$6[0]/VBox#contentContainer[18]/ModuleHost#processDesignerContainer[0]/TitledPane#processDesignerRoot[0]/javafx.scene.control.skin.TitledPaneSkin$1[0]/VBox[4]/SplitPane#designerSplitPane[0]/Content[0]/VBox#palettePanel[2]/ScrollPane[0]/javafx.scene.control.skin.ScrollPaneSkin$5[0]/javafx.scene.control.skin.ScrollPaneSkin$6[0]/VBox#paletteItemsContainer[81]/HBox[1]/VBox[0]/Label	wrap: false -> true	El título o categoría de paleta admite varias líneas dentro de su columna.
process	855	855	theme-light.css Process Designer /StackPane#rootStackPane[0]/BorderPane#mainPane[1]/ResponsiveWorkspaceSplitPane#workspaceSplitPane[1]/Content[0]/VBox#mainContentArea[5]/ScrollPane#mainScrollPane[0]/javafx.scene.control.skin.ScrollPaneSkin$5[0]/javafx.scene.control.skin.ScrollPaneSkin$6[0]/VBox#contentContainer[18]/ModuleHost#processDesignerContainer[0]/TitledPane#processDesignerRoot[0]/javafx.scene.control.skin.TitledPaneSkin$1[0]/VBox[4]/SplitPane#designerSplitPane[0]/Content[0]/VBox#palettePanel[2]/ScrollPane[0]/javafx.scene.control.skin.ScrollPaneSkin$5[0]/javafx.scene.control.skin.ScrollPaneSkin$6[0]/VBox#paletteItemsContainer[82]/HBox[0]/Label	minW: -1.0 -> 18.0	Reserva 18 px para el icono de paleta, sin cambiar su fuente.
process	858	858	theme-light.css Process Designer /StackPane#rootStackPane[0]/BorderPane#mainPane[1]/ResponsiveWorkspaceSplitPane#workspaceSplitPane[1]/Content[0]/VBox#mainContentArea[5]/ScrollPane#mainScrollPane[0]/javafx.scene.control.skin.ScrollPaneSkin$5[0]/javafx.scene.control.skin.ScrollPaneSkin$6[0]/VBox#contentContainer[18]/ModuleHost#processDesignerContainer[0]/TitledPane#processDesignerRoot[0]/javafx.scene.control.skin.TitledPaneSkin$1[0]/VBox[4]/SplitPane#designerSplitPane[0]/Content[0]/VBox#palettePanel[2]/ScrollPane[0]/javafx.scene.control.skin.ScrollPaneSkin$5[0]/javafx.scene.control.skin.ScrollPaneSkin$6[0]/VBox#paletteItemsContainer[82]/HBox[1]/VBox[0]/Label	wrap: false -> true	El título o categoría de paleta admite varias líneas dentro de su columna.
process	863	863	theme-light.css Process Designer /StackPane#rootStackPane[0]/BorderPane#mainPane[1]/ResponsiveWorkspaceSplitPane#workspaceSplitPane[1]/Content[0]/VBox#mainContentArea[5]/ScrollPane#mainScrollPane[0]/javafx.scene.control.skin.ScrollPaneSkin$5[0]/javafx.scene.control.skin.ScrollPaneSkin$6[0]/VBox#contentContainer[18]/ModuleHost#processDesignerContainer[0]/TitledPane#processDesignerRoot[0]/javafx.scene.control.skin.TitledPaneSkin$1[0]/VBox[4]/SplitPane#designerSplitPane[0]/Content[0]/VBox#palettePanel[2]/ScrollPane[0]/javafx.scene.control.skin.ScrollPaneSkin$5[0]/javafx.scene.control.skin.ScrollPaneSkin$6[0]/VBox#paletteItemsContainer[83]/HBox[0]/Label	minW: -1.0 -> 18.0	Reserva 18 px para el icono de paleta, sin cambiar su fuente.
process	866	866	theme-light.css Process Designer /StackPane#rootStackPane[0]/BorderPane#mainPane[1]/ResponsiveWorkspaceSplitPane#workspaceSplitPane[1]/Content[0]/VBox#mainContentArea[5]/ScrollPane#mainScrollPane[0]/javafx.scene.control.skin.ScrollPaneSkin$5[0]/javafx.scene.control.skin.ScrollPaneSkin$6[0]/VBox#contentContainer[18]/ModuleHost#processDesignerContainer[0]/TitledPane#processDesignerRoot[0]/javafx.scene.control.skin.TitledPaneSkin$1[0]/VBox[4]/SplitPane#designerSplitPane[0]/Content[0]/VBox#palettePanel[2]/ScrollPane[0]/javafx.scene.control.skin.ScrollPaneSkin$5[0]/javafx.scene.control.skin.ScrollPaneSkin$6[0]/VBox#paletteItemsContainer[83]/HBox[1]/VBox[0]/Label	wrap: false -> true	El título o categoría de paleta admite varias líneas dentro de su columna.
process	871	871	theme-light.css Process Designer /StackPane#rootStackPane[0]/BorderPane#mainPane[1]/ResponsiveWorkspaceSplitPane#workspaceSplitPane[1]/Content[0]/VBox#mainContentArea[5]/ScrollPane#mainScrollPane[0]/javafx.scene.control.skin.ScrollPaneSkin$5[0]/javafx.scene.control.skin.ScrollPaneSkin$6[0]/VBox#contentContainer[18]/ModuleHost#processDesignerContainer[0]/TitledPane#processDesignerRoot[0]/javafx.scene.control.skin.TitledPaneSkin$1[0]/VBox[4]/SplitPane#designerSplitPane[0]/Content[0]/VBox#palettePanel[2]/ScrollPane[0]/javafx.scene.control.skin.ScrollPaneSkin$5[0]/javafx.scene.control.skin.ScrollPaneSkin$6[0]/VBox#paletteItemsContainer[84]/HBox[0]/Label	minW: -1.0 -> 18.0	Reserva 18 px para el icono de paleta, sin cambiar su fuente.
process	874	874	theme-light.css Process Designer /StackPane#rootStackPane[0]/BorderPane#mainPane[1]/ResponsiveWorkspaceSplitPane#workspaceSplitPane[1]/Content[0]/VBox#mainContentArea[5]/ScrollPane#mainScrollPane[0]/javafx.scene.control.skin.ScrollPaneSkin$5[0]/javafx.scene.control.skin.ScrollPaneSkin$6[0]/VBox#contentContainer[18]/ModuleHost#processDesignerContainer[0]/TitledPane#processDesignerRoot[0]/javafx.scene.control.skin.TitledPaneSkin$1[0]/VBox[4]/SplitPane#designerSplitPane[0]/Content[0]/VBox#palettePanel[2]/ScrollPane[0]/javafx.scene.control.skin.ScrollPaneSkin$5[0]/javafx.scene.control.skin.ScrollPaneSkin$6[0]/VBox#paletteItemsContainer[84]/HBox[1]/VBox[0]/Label	wrap: false -> true	El título o categoría de paleta admite varias líneas dentro de su columna.
process	879	879	theme-light.css Process Designer /StackPane#rootStackPane[0]/BorderPane#mainPane[1]/ResponsiveWorkspaceSplitPane#workspaceSplitPane[1]/Content[0]/VBox#mainContentArea[5]/ScrollPane#mainScrollPane[0]/javafx.scene.control.skin.ScrollPaneSkin$5[0]/javafx.scene.control.skin.ScrollPaneSkin$6[0]/VBox#contentContainer[18]/ModuleHost#processDesignerContainer[0]/TitledPane#processDesignerRoot[0]/javafx.scene.control.skin.TitledPaneSkin$1[0]/VBox[4]/SplitPane#designerSplitPane[0]/Content[0]/VBox#palettePanel[2]/ScrollPane[0]/javafx.scene.control.skin.ScrollPaneSkin$5[0]/javafx.scene.control.skin.ScrollPaneSkin$6[0]/VBox#paletteItemsContainer[85]/HBox[0]/Label	minW: -1.0 -> 18.0	Reserva 18 px para el icono de paleta, sin cambiar su fuente.
process	882	882	theme-light.css Process Designer /StackPane#rootStackPane[0]/BorderPane#mainPane[1]/ResponsiveWorkspaceSplitPane#workspaceSplitPane[1]/Content[0]/VBox#mainContentArea[5]/ScrollPane#mainScrollPane[0]/javafx.scene.control.skin.ScrollPaneSkin$5[0]/javafx.scene.control.skin.ScrollPaneSkin$6[0]/VBox#contentContainer[18]/ModuleHost#processDesignerContainer[0]/TitledPane#processDesignerRoot[0]/javafx.scene.control.skin.TitledPaneSkin$1[0]/VBox[4]/SplitPane#designerSplitPane[0]/Content[0]/VBox#palettePanel[2]/ScrollPane[0]/javafx.scene.control.skin.ScrollPaneSkin$5[0]/javafx.scene.control.skin.ScrollPaneSkin$6[0]/VBox#paletteItemsContainer[85]/HBox[1]/VBox[0]/Label	wrap: false -> true	El título o categoría de paleta admite varias líneas dentro de su columna.
process	887	887	theme-light.css Process Designer /StackPane#rootStackPane[0]/BorderPane#mainPane[1]/ResponsiveWorkspaceSplitPane#workspaceSplitPane[1]/Content[0]/VBox#mainContentArea[5]/ScrollPane#mainScrollPane[0]/javafx.scene.control.skin.ScrollPaneSkin$5[0]/javafx.scene.control.skin.ScrollPaneSkin$6[0]/VBox#contentContainer[18]/ModuleHost#processDesignerContainer[0]/TitledPane#processDesignerRoot[0]/javafx.scene.control.skin.TitledPaneSkin$1[0]/VBox[4]/SplitPane#designerSplitPane[0]/Content[0]/VBox#palettePanel[2]/ScrollPane[0]/javafx.scene.control.skin.ScrollPaneSkin$5[0]/javafx.scene.control.skin.ScrollPaneSkin$6[0]/VBox#paletteItemsContainer[86]/HBox[0]/Label	minW: -1.0 -> 18.0	Reserva 18 px para el icono de paleta, sin cambiar su fuente.
process	890	890	theme-light.css Process Designer /StackPane#rootStackPane[0]/BorderPane#mainPane[1]/ResponsiveWorkspaceSplitPane#workspaceSplitPane[1]/Content[0]/VBox#mainContentArea[5]/ScrollPane#mainScrollPane[0]/javafx.scene.control.skin.ScrollPaneSkin$5[0]/javafx.scene.control.skin.ScrollPaneSkin$6[0]/VBox#contentContainer[18]/ModuleHost#processDesignerContainer[0]/TitledPane#processDesignerRoot[0]/javafx.scene.control.skin.TitledPaneSkin$1[0]/VBox[4]/SplitPane#designerSplitPane[0]/Content[0]/VBox#palettePanel[2]/ScrollPane[0]/javafx.scene.control.skin.ScrollPaneSkin$5[0]/javafx.scene.control.skin.ScrollPaneSkin$6[0]/VBox#paletteItemsContainer[86]/HBox[1]/VBox[0]/Label	wrap: false -> true	El título o categoría de paleta admite varias líneas dentro de su columna.
process	895	895	theme-light.css Process Designer /StackPane#rootStackPane[0]/BorderPane#mainPane[1]/ResponsiveWorkspaceSplitPane#workspaceSplitPane[1]/Content[0]/VBox#mainContentArea[5]/ScrollPane#mainScrollPane[0]/javafx.scene.control.skin.ScrollPaneSkin$5[0]/javafx.scene.control.skin.ScrollPaneSkin$6[0]/VBox#contentContainer[18]/ModuleHost#processDesignerContainer[0]/TitledPane#processDesignerRoot[0]/javafx.scene.control.skin.TitledPaneSkin$1[0]/VBox[4]/SplitPane#designerSplitPane[0]/Content[0]/VBox#palettePanel[2]/ScrollPane[0]/javafx.scene.control.skin.ScrollPaneSkin$5[0]/javafx.scene.control.skin.ScrollPaneSkin$6[0]/VBox#paletteItemsContainer[87]/HBox[0]/Label	minW: -1.0 -> 18.0	Reserva 18 px para el icono de paleta, sin cambiar su fuente.
process	898	898	theme-light.css Process Designer /StackPane#rootStackPane[0]/BorderPane#mainPane[1]/ResponsiveWorkspaceSplitPane#workspaceSplitPane[1]/Content[0]/VBox#mainContentArea[5]/ScrollPane#mainScrollPane[0]/javafx.scene.control.skin.ScrollPaneSkin$5[0]/javafx.scene.control.skin.ScrollPaneSkin$6[0]/VBox#contentContainer[18]/ModuleHost#processDesignerContainer[0]/TitledPane#processDesignerRoot[0]/javafx.scene.control.skin.TitledPaneSkin$1[0]/VBox[4]/SplitPane#designerSplitPane[0]/Content[0]/VBox#palettePanel[2]/ScrollPane[0]/javafx.scene.control.skin.ScrollPaneSkin$5[0]/javafx.scene.control.skin.ScrollPaneSkin$6[0]/VBox#paletteItemsContainer[87]/HBox[1]/VBox[0]/Label	wrap: false -> true	El título o categoría de paleta admite varias líneas dentro de su columna.
process	903	903	theme-light.css Process Designer /StackPane#rootStackPane[0]/BorderPane#mainPane[1]/ResponsiveWorkspaceSplitPane#workspaceSplitPane[1]/Content[0]/VBox#mainContentArea[5]/ScrollPane#mainScrollPane[0]/javafx.scene.control.skin.ScrollPaneSkin$5[0]/javafx.scene.control.skin.ScrollPaneSkin$6[0]/VBox#contentContainer[18]/ModuleHost#processDesignerContainer[0]/TitledPane#processDesignerRoot[0]/javafx.scene.control.skin.TitledPaneSkin$1[0]/VBox[4]/SplitPane#designerSplitPane[0]/Content[0]/VBox#palettePanel[2]/ScrollPane[0]/javafx.scene.control.skin.ScrollPaneSkin$5[0]/javafx.scene.control.skin.ScrollPaneSkin$6[0]/VBox#paletteItemsContainer[88]/HBox[0]/Label	minW: -1.0 -> 18.0	Reserva 18 px para el icono de paleta, sin cambiar su fuente.
process	906	906	theme-light.css Process Designer /StackPane#rootStackPane[0]/BorderPane#mainPane[1]/ResponsiveWorkspaceSplitPane#workspaceSplitPane[1]/Content[0]/VBox#mainContentArea[5]/ScrollPane#mainScrollPane[0]/javafx.scene.control.skin.ScrollPaneSkin$5[0]/javafx.scene.control.skin.ScrollPaneSkin$6[0]/VBox#contentContainer[18]/ModuleHost#processDesignerContainer[0]/TitledPane#processDesignerRoot[0]/javafx.scene.control.skin.TitledPaneSkin$1[0]/VBox[4]/SplitPane#designerSplitPane[0]/Content[0]/VBox#palettePanel[2]/ScrollPane[0]/javafx.scene.control.skin.ScrollPaneSkin$5[0]/javafx.scene.control.skin.ScrollPaneSkin$6[0]/VBox#paletteItemsContainer[88]/HBox[1]/VBox[0]/Label	wrap: false -> true	El título o categoría de paleta admite varias líneas dentro de su columna.
process	911	911	theme-light.css Process Designer /StackPane#rootStackPane[0]/BorderPane#mainPane[1]/ResponsiveWorkspaceSplitPane#workspaceSplitPane[1]/Content[0]/VBox#mainContentArea[5]/ScrollPane#mainScrollPane[0]/javafx.scene.control.skin.ScrollPaneSkin$5[0]/javafx.scene.control.skin.ScrollPaneSkin$6[0]/VBox#contentContainer[18]/ModuleHost#processDesignerContainer[0]/TitledPane#processDesignerRoot[0]/javafx.scene.control.skin.TitledPaneSkin$1[0]/VBox[4]/SplitPane#designerSplitPane[0]/Content[0]/VBox#palettePanel[2]/ScrollPane[0]/javafx.scene.control.skin.ScrollPaneSkin$5[0]/javafx.scene.control.skin.ScrollPaneSkin$6[0]/VBox#paletteItemsContainer[89]/HBox[0]/Label	minW: -1.0 -> 18.0	Reserva 18 px para el icono de paleta, sin cambiar su fuente.
process	914	914	theme-light.css Process Designer /StackPane#rootStackPane[0]/BorderPane#mainPane[1]/ResponsiveWorkspaceSplitPane#workspaceSplitPane[1]/Content[0]/VBox#mainContentArea[5]/ScrollPane#mainScrollPane[0]/javafx.scene.control.skin.ScrollPaneSkin$5[0]/javafx.scene.control.skin.ScrollPaneSkin$6[0]/VBox#contentContainer[18]/ModuleHost#processDesignerContainer[0]/TitledPane#processDesignerRoot[0]/javafx.scene.control.skin.TitledPaneSkin$1[0]/VBox[4]/SplitPane#designerSplitPane[0]/Content[0]/VBox#palettePanel[2]/ScrollPane[0]/javafx.scene.control.skin.ScrollPaneSkin$5[0]/javafx.scene.control.skin.ScrollPaneSkin$6[0]/VBox#paletteItemsContainer[89]/HBox[1]/VBox[0]/Label	wrap: false -> true	El título o categoría de paleta admite varias líneas dentro de su columna.
process	287	287	theme-light.css Process Designer /StackPane#rootStackPane[0]/BorderPane#mainPane[1]/ResponsiveWorkspaceSplitPane#workspaceSplitPane[1]/Content[0]/VBox#mainContentArea[5]/ScrollPane#mainScrollPane[0]/javafx.scene.control.skin.ScrollPaneSkin$5[0]/javafx.scene.control.skin.ScrollPaneSkin$6[0]/VBox#contentContainer[18]/ModuleHost#processDesignerContainer[0]/TitledPane#processDesignerRoot[0]/javafx.scene.control.skin.TitledPaneSkin$1[0]/VBox[4]/SplitPane#designerSplitPane[0]/Content[0]/VBox#palettePanel[2]/ScrollPane[0]/javafx.scene.control.skin.ScrollPaneSkin$5[0]/javafx.scene.control.skin.ScrollPaneSkin$6[0]/VBox#paletteItemsContainer[8]/HBox[0]/Label	minW: -1.0 -> 18.0	Reserva 18 px para el icono de paleta, sin cambiar su fuente.
process	290	290	theme-light.css Process Designer /StackPane#rootStackPane[0]/BorderPane#mainPane[1]/ResponsiveWorkspaceSplitPane#workspaceSplitPane[1]/Content[0]/VBox#mainContentArea[5]/ScrollPane#mainScrollPane[0]/javafx.scene.control.skin.ScrollPaneSkin$5[0]/javafx.scene.control.skin.ScrollPaneSkin$6[0]/VBox#contentContainer[18]/ModuleHost#processDesignerContainer[0]/TitledPane#processDesignerRoot[0]/javafx.scene.control.skin.TitledPaneSkin$1[0]/VBox[4]/SplitPane#designerSplitPane[0]/Content[0]/VBox#palettePanel[2]/ScrollPane[0]/javafx.scene.control.skin.ScrollPaneSkin$5[0]/javafx.scene.control.skin.ScrollPaneSkin$6[0]/VBox#paletteItemsContainer[8]/HBox[1]/VBox[0]/Label	wrap: false -> true	El título o categoría de paleta admite varias líneas dentro de su columna.
process	919	919	theme-light.css Process Designer /StackPane#rootStackPane[0]/BorderPane#mainPane[1]/ResponsiveWorkspaceSplitPane#workspaceSplitPane[1]/Content[0]/VBox#mainContentArea[5]/ScrollPane#mainScrollPane[0]/javafx.scene.control.skin.ScrollPaneSkin$5[0]/javafx.scene.control.skin.ScrollPaneSkin$6[0]/VBox#contentContainer[18]/ModuleHost#processDesignerContainer[0]/TitledPane#processDesignerRoot[0]/javafx.scene.control.skin.TitledPaneSkin$1[0]/VBox[4]/SplitPane#designerSplitPane[0]/Content[0]/VBox#palettePanel[2]/ScrollPane[0]/javafx.scene.control.skin.ScrollPaneSkin$5[0]/javafx.scene.control.skin.ScrollPaneSkin$6[0]/VBox#paletteItemsContainer[90]/HBox[0]/Label	minW: -1.0 -> 18.0	Reserva 18 px para el icono de paleta, sin cambiar su fuente.
process	922	922	theme-light.css Process Designer /StackPane#rootStackPane[0]/BorderPane#mainPane[1]/ResponsiveWorkspaceSplitPane#workspaceSplitPane[1]/Content[0]/VBox#mainContentArea[5]/ScrollPane#mainScrollPane[0]/javafx.scene.control.skin.ScrollPaneSkin$5[0]/javafx.scene.control.skin.ScrollPaneSkin$6[0]/VBox#contentContainer[18]/ModuleHost#processDesignerContainer[0]/TitledPane#processDesignerRoot[0]/javafx.scene.control.skin.TitledPaneSkin$1[0]/VBox[4]/SplitPane#designerSplitPane[0]/Content[0]/VBox#palettePanel[2]/ScrollPane[0]/javafx.scene.control.skin.ScrollPaneSkin$5[0]/javafx.scene.control.skin.ScrollPaneSkin$6[0]/VBox#paletteItemsContainer[90]/HBox[1]/VBox[0]/Label	wrap: false -> true	El título o categoría de paleta admite varias líneas dentro de su columna.
process	927	927	theme-light.css Process Designer /StackPane#rootStackPane[0]/BorderPane#mainPane[1]/ResponsiveWorkspaceSplitPane#workspaceSplitPane[1]/Content[0]/VBox#mainContentArea[5]/ScrollPane#mainScrollPane[0]/javafx.scene.control.skin.ScrollPaneSkin$5[0]/javafx.scene.control.skin.ScrollPaneSkin$6[0]/VBox#contentContainer[18]/ModuleHost#processDesignerContainer[0]/TitledPane#processDesignerRoot[0]/javafx.scene.control.skin.TitledPaneSkin$1[0]/VBox[4]/SplitPane#designerSplitPane[0]/Content[0]/VBox#palettePanel[2]/ScrollPane[0]/javafx.scene.control.skin.ScrollPaneSkin$5[0]/javafx.scene.control.skin.ScrollPaneSkin$6[0]/VBox#paletteItemsContainer[91]/HBox[0]/Label	minW: -1.0 -> 18.0	Reserva 18 px para el icono de paleta, sin cambiar su fuente.
process	930	930	theme-light.css Process Designer /StackPane#rootStackPane[0]/BorderPane#mainPane[1]/ResponsiveWorkspaceSplitPane#workspaceSplitPane[1]/Content[0]/VBox#mainContentArea[5]/ScrollPane#mainScrollPane[0]/javafx.scene.control.skin.ScrollPaneSkin$5[0]/javafx.scene.control.skin.ScrollPaneSkin$6[0]/VBox#contentContainer[18]/ModuleHost#processDesignerContainer[0]/TitledPane#processDesignerRoot[0]/javafx.scene.control.skin.TitledPaneSkin$1[0]/VBox[4]/SplitPane#designerSplitPane[0]/Content[0]/VBox#palettePanel[2]/ScrollPane[0]/javafx.scene.control.skin.ScrollPaneSkin$5[0]/javafx.scene.control.skin.ScrollPaneSkin$6[0]/VBox#paletteItemsContainer[91]/HBox[1]/VBox[0]/Label	wrap: false -> true	El título o categoría de paleta admite varias líneas dentro de su columna.
process	935	935	theme-light.css Process Designer /StackPane#rootStackPane[0]/BorderPane#mainPane[1]/ResponsiveWorkspaceSplitPane#workspaceSplitPane[1]/Content[0]/VBox#mainContentArea[5]/ScrollPane#mainScrollPane[0]/javafx.scene.control.skin.ScrollPaneSkin$5[0]/javafx.scene.control.skin.ScrollPaneSkin$6[0]/VBox#contentContainer[18]/ModuleHost#processDesignerContainer[0]/TitledPane#processDesignerRoot[0]/javafx.scene.control.skin.TitledPaneSkin$1[0]/VBox[4]/SplitPane#designerSplitPane[0]/Content[0]/VBox#palettePanel[2]/ScrollPane[0]/javafx.scene.control.skin.ScrollPaneSkin$5[0]/javafx.scene.control.skin.ScrollPaneSkin$6[0]/VBox#paletteItemsContainer[92]/HBox[0]/Label	minW: -1.0 -> 18.0	Reserva 18 px para el icono de paleta, sin cambiar su fuente.
process	938	938	theme-light.css Process Designer /StackPane#rootStackPane[0]/BorderPane#mainPane[1]/ResponsiveWorkspaceSplitPane#workspaceSplitPane[1]/Content[0]/VBox#mainContentArea[5]/ScrollPane#mainScrollPane[0]/javafx.scene.control.skin.ScrollPaneSkin$5[0]/javafx.scene.control.skin.ScrollPaneSkin$6[0]/VBox#contentContainer[18]/ModuleHost#processDesignerContainer[0]/TitledPane#processDesignerRoot[0]/javafx.scene.control.skin.TitledPaneSkin$1[0]/VBox[4]/SplitPane#designerSplitPane[0]/Content[0]/VBox#palettePanel[2]/ScrollPane[0]/javafx.scene.control.skin.ScrollPaneSkin$5[0]/javafx.scene.control.skin.ScrollPaneSkin$6[0]/VBox#paletteItemsContainer[92]/HBox[1]/VBox[0]/Label	wrap: false -> true	El título o categoría de paleta admite varias líneas dentro de su columna.
process	943	943	theme-light.css Process Designer /StackPane#rootStackPane[0]/BorderPane#mainPane[1]/ResponsiveWorkspaceSplitPane#workspaceSplitPane[1]/Content[0]/VBox#mainContentArea[5]/ScrollPane#mainScrollPane[0]/javafx.scene.control.skin.ScrollPaneSkin$5[0]/javafx.scene.control.skin.ScrollPaneSkin$6[0]/VBox#contentContainer[18]/ModuleHost#processDesignerContainer[0]/TitledPane#processDesignerRoot[0]/javafx.scene.control.skin.TitledPaneSkin$1[0]/VBox[4]/SplitPane#designerSplitPane[0]/Content[0]/VBox#palettePanel[2]/ScrollPane[0]/javafx.scene.control.skin.ScrollPaneSkin$5[0]/javafx.scene.control.skin.ScrollPaneSkin$6[0]/VBox#paletteItemsContainer[93]/HBox[0]/Label	minW: -1.0 -> 18.0	Reserva 18 px para el icono de paleta, sin cambiar su fuente.
process	946	946	theme-light.css Process Designer /StackPane#rootStackPane[0]/BorderPane#mainPane[1]/ResponsiveWorkspaceSplitPane#workspaceSplitPane[1]/Content[0]/VBox#mainContentArea[5]/ScrollPane#mainScrollPane[0]/javafx.scene.control.skin.ScrollPaneSkin$5[0]/javafx.scene.control.skin.ScrollPaneSkin$6[0]/VBox#contentContainer[18]/ModuleHost#processDesignerContainer[0]/TitledPane#processDesignerRoot[0]/javafx.scene.control.skin.TitledPaneSkin$1[0]/VBox[4]/SplitPane#designerSplitPane[0]/Content[0]/VBox#palettePanel[2]/ScrollPane[0]/javafx.scene.control.skin.ScrollPaneSkin$5[0]/javafx.scene.control.skin.ScrollPaneSkin$6[0]/VBox#paletteItemsContainer[93]/HBox[1]/VBox[0]/Label	wrap: false -> true	El título o categoría de paleta admite varias líneas dentro de su columna.
process	951	951	theme-light.css Process Designer /StackPane#rootStackPane[0]/BorderPane#mainPane[1]/ResponsiveWorkspaceSplitPane#workspaceSplitPane[1]/Content[0]/VBox#mainContentArea[5]/ScrollPane#mainScrollPane[0]/javafx.scene.control.skin.ScrollPaneSkin$5[0]/javafx.scene.control.skin.ScrollPaneSkin$6[0]/VBox#contentContainer[18]/ModuleHost#processDesignerContainer[0]/TitledPane#processDesignerRoot[0]/javafx.scene.control.skin.TitledPaneSkin$1[0]/VBox[4]/SplitPane#designerSplitPane[0]/Content[0]/VBox#palettePanel[2]/ScrollPane[0]/javafx.scene.control.skin.ScrollPaneSkin$5[0]/javafx.scene.control.skin.ScrollPaneSkin$6[0]/VBox#paletteItemsContainer[94]/HBox[0]/Label	minW: -1.0 -> 18.0	Reserva 18 px para el icono de paleta, sin cambiar su fuente.
process	954	954	theme-light.css Process Designer /StackPane#rootStackPane[0]/BorderPane#mainPane[1]/ResponsiveWorkspaceSplitPane#workspaceSplitPane[1]/Content[0]/VBox#mainContentArea[5]/ScrollPane#mainScrollPane[0]/javafx.scene.control.skin.ScrollPaneSkin$5[0]/javafx.scene.control.skin.ScrollPaneSkin$6[0]/VBox#contentContainer[18]/ModuleHost#processDesignerContainer[0]/TitledPane#processDesignerRoot[0]/javafx.scene.control.skin.TitledPaneSkin$1[0]/VBox[4]/SplitPane#designerSplitPane[0]/Content[0]/VBox#palettePanel[2]/ScrollPane[0]/javafx.scene.control.skin.ScrollPaneSkin$5[0]/javafx.scene.control.skin.ScrollPaneSkin$6[0]/VBox#paletteItemsContainer[94]/HBox[1]/VBox[0]/Label	wrap: false -> true	El título o categoría de paleta admite varias líneas dentro de su columna.
process	959	959	theme-light.css Process Designer /StackPane#rootStackPane[0]/BorderPane#mainPane[1]/ResponsiveWorkspaceSplitPane#workspaceSplitPane[1]/Content[0]/VBox#mainContentArea[5]/ScrollPane#mainScrollPane[0]/javafx.scene.control.skin.ScrollPaneSkin$5[0]/javafx.scene.control.skin.ScrollPaneSkin$6[0]/VBox#contentContainer[18]/ModuleHost#processDesignerContainer[0]/TitledPane#processDesignerRoot[0]/javafx.scene.control.skin.TitledPaneSkin$1[0]/VBox[4]/SplitPane#designerSplitPane[0]/Content[0]/VBox#palettePanel[2]/ScrollPane[0]/javafx.scene.control.skin.ScrollPaneSkin$5[0]/javafx.scene.control.skin.ScrollPaneSkin$6[0]/VBox#paletteItemsContainer[95]/HBox[0]/Label	minW: -1.0 -> 18.0	Reserva 18 px para el icono de paleta, sin cambiar su fuente.
process	962	962	theme-light.css Process Designer /StackPane#rootStackPane[0]/BorderPane#mainPane[1]/ResponsiveWorkspaceSplitPane#workspaceSplitPane[1]/Content[0]/VBox#mainContentArea[5]/ScrollPane#mainScrollPane[0]/javafx.scene.control.skin.ScrollPaneSkin$5[0]/javafx.scene.control.skin.ScrollPaneSkin$6[0]/VBox#contentContainer[18]/ModuleHost#processDesignerContainer[0]/TitledPane#processDesignerRoot[0]/javafx.scene.control.skin.TitledPaneSkin$1[0]/VBox[4]/SplitPane#designerSplitPane[0]/Content[0]/VBox#palettePanel[2]/ScrollPane[0]/javafx.scene.control.skin.ScrollPaneSkin$5[0]/javafx.scene.control.skin.ScrollPaneSkin$6[0]/VBox#paletteItemsContainer[95]/HBox[1]/VBox[0]/Label	wrap: false -> true	El título o categoría de paleta admite varias líneas dentro de su columna.
process	967	967	theme-light.css Process Designer /StackPane#rootStackPane[0]/BorderPane#mainPane[1]/ResponsiveWorkspaceSplitPane#workspaceSplitPane[1]/Content[0]/VBox#mainContentArea[5]/ScrollPane#mainScrollPane[0]/javafx.scene.control.skin.ScrollPaneSkin$5[0]/javafx.scene.control.skin.ScrollPaneSkin$6[0]/VBox#contentContainer[18]/ModuleHost#processDesignerContainer[0]/TitledPane#processDesignerRoot[0]/javafx.scene.control.skin.TitledPaneSkin$1[0]/VBox[4]/SplitPane#designerSplitPane[0]/Content[0]/VBox#palettePanel[2]/ScrollPane[0]/javafx.scene.control.skin.ScrollPaneSkin$5[0]/javafx.scene.control.skin.ScrollPaneSkin$6[0]/VBox#paletteItemsContainer[96]/HBox[0]/Label	minW: -1.0 -> 18.0	Reserva 18 px para el icono de paleta, sin cambiar su fuente.
process	970	970	theme-light.css Process Designer /StackPane#rootStackPane[0]/BorderPane#mainPane[1]/ResponsiveWorkspaceSplitPane#workspaceSplitPane[1]/Content[0]/VBox#mainContentArea[5]/ScrollPane#mainScrollPane[0]/javafx.scene.control.skin.ScrollPaneSkin$5[0]/javafx.scene.control.skin.ScrollPaneSkin$6[0]/VBox#contentContainer[18]/ModuleHost#processDesignerContainer[0]/TitledPane#processDesignerRoot[0]/javafx.scene.control.skin.TitledPaneSkin$1[0]/VBox[4]/SplitPane#designerSplitPane[0]/Content[0]/VBox#palettePanel[2]/ScrollPane[0]/javafx.scene.control.skin.ScrollPaneSkin$5[0]/javafx.scene.control.skin.ScrollPaneSkin$6[0]/VBox#paletteItemsContainer[96]/HBox[1]/VBox[0]/Label	wrap: false -> true	El título o categoría de paleta admite varias líneas dentro de su columna.
process	974	974	theme-light.css Process Designer /StackPane#rootStackPane[0]/BorderPane#mainPane[1]/ResponsiveWorkspaceSplitPane#workspaceSplitPane[1]/Content[0]/VBox#mainContentArea[5]/ScrollPane#mainScrollPane[0]/javafx.scene.control.skin.ScrollPaneSkin$5[0]/javafx.scene.control.skin.ScrollPaneSkin$6[0]/VBox#contentContainer[18]/ModuleHost#processDesignerContainer[0]/TitledPane#processDesignerRoot[0]/javafx.scene.control.skin.TitledPaneSkin$1[0]/VBox[4]/SplitPane#designerSplitPane[0]/Content[0]/VBox#palettePanel[2]/ScrollPane[0]/javafx.scene.control.skin.ScrollPaneSkin$5[0]/javafx.scene.control.skin.ScrollPaneSkin$6[0]/VBox#paletteItemsContainer[97]/Label	wrap: false -> true	El título o categoría de paleta admite varias líneas dentro de su columna.
process	977	977	theme-light.css Process Designer /StackPane#rootStackPane[0]/BorderPane#mainPane[1]/ResponsiveWorkspaceSplitPane#workspaceSplitPane[1]/Content[0]/VBox#mainContentArea[5]/ScrollPane#mainScrollPane[0]/javafx.scene.control.skin.ScrollPaneSkin$5[0]/javafx.scene.control.skin.ScrollPaneSkin$6[0]/VBox#contentContainer[18]/ModuleHost#processDesignerContainer[0]/TitledPane#processDesignerRoot[0]/javafx.scene.control.skin.TitledPaneSkin$1[0]/VBox[4]/SplitPane#designerSplitPane[0]/Content[0]/VBox#palettePanel[2]/ScrollPane[0]/javafx.scene.control.skin.ScrollPaneSkin$5[0]/javafx.scene.control.skin.ScrollPaneSkin$6[0]/VBox#paletteItemsContainer[98]/HBox[0]/Label	minW: -1.0 -> 18.0	Reserva 18 px para el icono de paleta, sin cambiar su fuente.
process	980	980	theme-light.css Process Designer /StackPane#rootStackPane[0]/BorderPane#mainPane[1]/ResponsiveWorkspaceSplitPane#workspaceSplitPane[1]/Content[0]/VBox#mainContentArea[5]/ScrollPane#mainScrollPane[0]/javafx.scene.control.skin.ScrollPaneSkin$5[0]/javafx.scene.control.skin.ScrollPaneSkin$6[0]/VBox#contentContainer[18]/ModuleHost#processDesignerContainer[0]/TitledPane#processDesignerRoot[0]/javafx.scene.control.skin.TitledPaneSkin$1[0]/VBox[4]/SplitPane#designerSplitPane[0]/Content[0]/VBox#palettePanel[2]/ScrollPane[0]/javafx.scene.control.skin.ScrollPaneSkin$5[0]/javafx.scene.control.skin.ScrollPaneSkin$6[0]/VBox#paletteItemsContainer[98]/HBox[1]/VBox[0]/Label	wrap: false -> true	El título o categoría de paleta admite varias líneas dentro de su columna.
process	985	985	theme-light.css Process Designer /StackPane#rootStackPane[0]/BorderPane#mainPane[1]/ResponsiveWorkspaceSplitPane#workspaceSplitPane[1]/Content[0]/VBox#mainContentArea[5]/ScrollPane#mainScrollPane[0]/javafx.scene.control.skin.ScrollPaneSkin$5[0]/javafx.scene.control.skin.ScrollPaneSkin$6[0]/VBox#contentContainer[18]/ModuleHost#processDesignerContainer[0]/TitledPane#processDesignerRoot[0]/javafx.scene.control.skin.TitledPaneSkin$1[0]/VBox[4]/SplitPane#designerSplitPane[0]/Content[0]/VBox#palettePanel[2]/ScrollPane[0]/javafx.scene.control.skin.ScrollPaneSkin$5[0]/javafx.scene.control.skin.ScrollPaneSkin$6[0]/VBox#paletteItemsContainer[99]/HBox[0]/Label	minW: -1.0 -> 18.0	Reserva 18 px para el icono de paleta, sin cambiar su fuente.
process	988	988	theme-light.css Process Designer /StackPane#rootStackPane[0]/BorderPane#mainPane[1]/ResponsiveWorkspaceSplitPane#workspaceSplitPane[1]/Content[0]/VBox#mainContentArea[5]/ScrollPane#mainScrollPane[0]/javafx.scene.control.skin.ScrollPaneSkin$5[0]/javafx.scene.control.skin.ScrollPaneSkin$6[0]/VBox#contentContainer[18]/ModuleHost#processDesignerContainer[0]/TitledPane#processDesignerRoot[0]/javafx.scene.control.skin.TitledPaneSkin$1[0]/VBox[4]/SplitPane#designerSplitPane[0]/Content[0]/VBox#palettePanel[2]/ScrollPane[0]/javafx.scene.control.skin.ScrollPaneSkin$5[0]/javafx.scene.control.skin.ScrollPaneSkin$6[0]/VBox#paletteItemsContainer[99]/HBox[1]/VBox[0]/Label	wrap: false -> true	El título o categoría de paleta admite varias líneas dentro de su columna.
process	295	295	theme-light.css Process Designer /StackPane#rootStackPane[0]/BorderPane#mainPane[1]/ResponsiveWorkspaceSplitPane#workspaceSplitPane[1]/Content[0]/VBox#mainContentArea[5]/ScrollPane#mainScrollPane[0]/javafx.scene.control.skin.ScrollPaneSkin$5[0]/javafx.scene.control.skin.ScrollPaneSkin$6[0]/VBox#contentContainer[18]/ModuleHost#processDesignerContainer[0]/TitledPane#processDesignerRoot[0]/javafx.scene.control.skin.TitledPaneSkin$1[0]/VBox[4]/SplitPane#designerSplitPane[0]/Content[0]/VBox#palettePanel[2]/ScrollPane[0]/javafx.scene.control.skin.ScrollPaneSkin$5[0]/javafx.scene.control.skin.ScrollPaneSkin$6[0]/VBox#paletteItemsContainer[9]/HBox[0]/Label	minW: -1.0 -> 18.0	Reserva 18 px para el icono de paleta, sin cambiar su fuente.
process	298	298	theme-light.css Process Designer /StackPane#rootStackPane[0]/BorderPane#mainPane[1]/ResponsiveWorkspaceSplitPane#workspaceSplitPane[1]/Content[0]/VBox#mainContentArea[5]/ScrollPane#mainScrollPane[0]/javafx.scene.control.skin.ScrollPaneSkin$5[0]/javafx.scene.control.skin.ScrollPaneSkin$6[0]/VBox#contentContainer[18]/ModuleHost#processDesignerContainer[0]/TitledPane#processDesignerRoot[0]/javafx.scene.control.skin.TitledPaneSkin$1[0]/VBox[4]/SplitPane#designerSplitPane[0]/Content[0]/VBox#palettePanel[2]/ScrollPane[0]/javafx.scene.control.skin.ScrollPaneSkin$5[0]/javafx.scene.control.skin.ScrollPaneSkin$6[0]/VBox#paletteItemsContainer[9]/HBox[1]/VBox[0]/Label	wrap: false -> true	El título o categoría de paleta admite varias líneas dentro de su columna.
workbench	142	142	theme-light.css Key & Certificate Format Workbench /StackPane#rootStackPane[0]/BorderPane#mainPane[1]/ResponsiveWorkspaceSplitPane#workspaceSplitPane[1]/Content[0]/VBox#mainContentArea[0]/HBox[0]/HBox#breadcrumbContainer[0]/Button#breadcrumbSectionBtn	minW: -1.0 -> -Infinity	El botón de cabecera conserva su ancho preferido y no comprime el rótulo.
workbench	146	146	theme-light.css Key & Certificate Format Workbench /StackPane#rootStackPane[0]/BorderPane#mainPane[1]/ResponsiveWorkspaceSplitPane#workspaceSplitPane[1]/Content[0]/VBox#mainContentArea[0]/HBox[0]/HBox#breadcrumbContainer[4]/Label#breadcrumbOperationLabel	minH: -1.0 -> -Infinity; wrap: false -> true	El rótulo de cabecera conserva la altura preferida para sus líneas de texto. El rótulo o subtítulo de cabecera admite las líneas necesarias sin truncarse.
workbench	148	148	theme-light.css Key & Certificate Format Workbench /StackPane#rootStackPane[0]/BorderPane#mainPane[1]/ResponsiveWorkspaceSplitPane#workspaceSplitPane[1]/Content[0]/VBox#mainContentArea[0]/HBox[3]/Button#favoriteToggleBtn	minW: -1.0 -> -Infinity	El botón de cabecera conserva su ancho preferido y no comprime el rótulo.
